﻿﻿月影摇晃着欣喜，快乐洋溢着心底，花朵飘香着日子，月饼甜美着惦记，心愿徜徉着欢喜，祝福泛动着涟漪，心绪调剂着消息，只为送给你。中秋快乐！,2
中秋将至，祝你日圆，月圆，梦圆，团团圆圆；官源，财源，路源，左右逢源；人缘，福缘，份缘，缘缘不断；情愿，心愿，意愿，愿愿随心。,2
月圆情圆人团圆，人满福满酒杯满，花香景美心情美，你乐我乐全家乐，佳节喜闹大团圆，万事顺畅皆圆满。中秋将至，愿你合家团圆，一生圆满！,2
月升代表着我的牵挂，月落代表着我的关怀，月盈代表着我的惦记，月亏代表着我的思念，月芽代表着我的真诚，月弯代表着我的微笑，月圆代表着我的祝福：中秋快乐！,2
一轮明月照亮事业，一盒月饼甜蜜生活，一杯美酒健康长久，一串葡萄欢乐逍遥，一个西瓜合家团圆，一份祝福送给大家。祝你中秋快乐哦！,2
明月当空照，挂念心头绕，岁岁明月夜，年年盼团圆；思念传千里，微信送祝愿，天涯情不断，海角血脉连；每逢佳节倍思亲，心寄明月祈团圆，祝合家欢乐幸福伴，吉祥如意乐开怀，中秋节快乐！,2
十五的月亮圆又圆，家家户户喜连连，喝酒赏月人团圆，日子过得比蜜甜，借此吉时送祝愿，盼你身康体又健，收获幸福一片片，如意总是围你转。中秋佳节，愿你合家欢乐，幸福美满！,2
中秋明月悬中天，全家老少庆团圆，其乐融融桌边坐，谈笑风生乐无边。传统佳节摆家宴，瓜果梨桃分外鲜，轻啖一口团圆饼，胜过王母蟠桃宴。人生难得几回欢，明月能有几回圆，若是亲人常聚首，此生不悔赛神仙。,2
天高了，云淡了，花好了，月圆了，想念了，问候了，节到了，祝福了，健康了，快乐了，平安了，吉祥了，收到了，幸福了。中秋快乐！,2
花好月圆的时候，是祝福的时候。愿你事业圆满，盆满钵满；爱情圆满，情满意满；家庭圆满，福满寿满；生活灿烂，幸福美满。中秋快乐！,2
中秋月明花倍香，千里婵娟思更浓。举国同贺庆佳节，一声祝福总相携。年年今朝年年月，岁岁平安岁岁福。我以我心传祝福，中秋赏月念故友。,2
天高云淡月正圆，秋爽星繁又一年。中秋佳节倍思亲，全家老少聚团圆。朋友幸福到永远，天天心情好舒畅。愿你健康路路通，如一帆顺喜讯传。祝朋友中秋节快乐！,2
圆月挂天边，情字心中牵，寂寞嫦娥舞，千里共婵娟。月饼放嘴边，色香味俱全，亲朋齐相聚，把酒言欢，快乐无限！中秋节到了，愿君月圆人圆事事圆满，福事乐事好事不断，中秋节快乐,2
日子平平凡凡，生活紧紧张张，工作忙忙碌碌，回忆甜甜蜜蜜，联系断断续续，感情真真切切，秋风萧萧瑟瑟，团聚红红火火。这是一年里最珍贵的一轮满月，一生中这是最难忘的时刻。愿中秋佳节，快乐团圆！,2
和和美美到中秋，团团圆圆好日子，高高兴兴聚一堂，平平安安话幸福，欢欢喜喜赏明月，开开心心送祝福，愿你，中秋分分秒秒都快乐，和和睦睦人安康！,2
桂花飘香，清辉万里映秋江；月饼飘香，温馨味道细品尝；团圆飘香，合家美满共吉祥；快乐飘香，笑意盈盈幸福长；祝福飘香，中秋愿你永安康！,2
中秋的明月洒落了幸福，中秋的喜悦渲染着大地，中秋的快乐飘散在四方，中秋的味道弥漫在身边。中秋来了，愿你阖家欢乐，幸福美满。中秋快乐！,2
秋风送爽佳节至，中秋月圆心舒畅；花香阵阵沁人心，欢声笑语杯不停；举头望月展笑颜，一家团圆乐开怀；借来月光送祝福，情谊满满暖你心。祝中秋节快乐，幸福安康！,2
送上香甜的月饼，连同一颗祝福的心，愿你每一天过的都像十五的月亮一样成功。,2
采一轮松间的明月供你观赏，织一件秋日的凉爽为你披上，斟一杯月宫的琼浆醉你心上，许一份中秋的祝福圆你梦乡。,2
又是一年月圆夜，月下为你许三愿：一愿美梦好似月儿圆，二愿日子更比月饼甜，三愿美貌犹如月中仙。,2
声声祝福请微风替我传送，缕缕关怀托流水替我寄予，虽然忙忙碌碌无法常相聚，但却时时刻刻把你惦记。,2
中秋是一首长篇史诗，永远漫长，永远动情；亲情是一团不灭火焰，永远燃烧，永远温暖；爱情是一坛温过美酒，永远劳神，永远醉心。,2
我用心做两个月饼，一个送给你，祝愿你节日快乐、事事如意、青春美丽，一个送给自己，祝福我认识了你。,2
我将你的手机号码告诉了一个陌生人，他叫月老，他会在中秋月圆夜要帮我告诉你我心思你，我心念你，祝你中秋快乐！,2
没有你在我身边，天上月圆圆，我心却空落落。中秋快乐！,2
嫦娥月宫起舞，玉兔广寒出入。吴刚伐桂辛苦，人间中秋忙碌。桂花金菊飘香，把酒赏月共度。值此传统佳节，祝福寄去祝福。合家安康美满，人生大展宏图。,2
中秋又到，吉祥照耀。金桂飘香，明月皎皎。花好月圆，团圆美好。人约黄昏，月挂柳梢。秋色怡人，好运福罩。祝福一条，请君收好。佳节快乐，步步登高！,2
中秋赏月吃月饼，高挂红灯奔前程，月中嫦娥翩翩舞，请她跳入你梦中，愿你的梦想能成真，愿你的事业步步高升，捆捆钞票怀中抱，祝福你中秋佳节快快乐乐睡觉也可以笑醒。,2
一轮明月，映照喜庆人间；一盒月饼，融入幸福香甜；一樽美酒，酝酿团圆美满；一句问候，道不尽情谊绵绵；一声祝福，情谊中秋洒遍。愿我的祝福陪你度中秋，幸福美好全部接收！,2
八月十五中秋到，月到中秋分外明。嫦娥月宫婆娑舞，笑看人间欢乐情。吴刚捧出桂花酒，天上人间共美酒。丹桂飘香香万里，团圆欢乐乐正浓。祝愿月圆人亦圆，把酒赏月笑开颜！,2
月到中秋分外圆，我用祝福寄思念，皓月当空人不欢，没有你在我身边，愿明月传达我心愿，早日与你心相牵，幸福长长又绵绵，生活蜜蜜又甜甜，天天开心绽笑颜！,2
八月桂花格外香，明月闪亮更饱满；嫦娥仙子载着舞，传送福气飘团圆；中秋佳节随福到，真挚祝福来报道；祝你中秋节快乐，阖家欢乐万事兴。,2
花含情，月含笑，中秋佳节已来到；丹桂香，福月照，齐享团圆话今朝；嫦娥笑，玉兔跳，天上人间享良宵；祝福美，问候到，祝你佳节幸福抱。祝你中秋快乐！,2
中秋临近送你五如意，祝事事顺心，件件如意：一送摇钱树财运壮，二送贵人扶事业兴，三送万事如意健康长，四送幸福满筐福禄至，五送开怀吉祥随心到，祝中秋快乐！,2
中秋月圆合家欢，举杯邀月心莫烦；夫妻恩爱把心连，家庭和睦人间暖；幸福花儿一串串，细细品味心里欢；小康路上齐向前，不管刮风下雨难；葡萄美酒再斟满，快乐幸福金不换！,2
圆圆的月儿分外明，远远的思念情更浓，圆圆的月饼倍儿香甜，远远的祝愿到眼前：愿你幸福温馨人团圆，春风得意事业圆，浪漫甜蜜爱情圆，心想事成好梦圆。中秋快乐！,2
中秋节，最思念，今晚的月亮特别圆。发祝福，发大财，有钱的中秋才可爱。送祝福，送健康，健康的全家福乐多。看电视，听新歌，写写微博中秋节！中秋节快乐！,2
中秋节，我以心为弦，思念为谱，祝福为歌，为你奏响月圆交响曲，祝你日子红红火火，事业圆圆满满，亲人团团圆圆，心事花好月圆，幸福美满永在前，中秋节快乐！,2
中秋到，家人团聚在良宵。月儿圆，合家笑，美满恩爱情义绕。不羡鸳鸯不羡仙，只愿身体康健无烦恼。但愿团圆之月常相照，天下亲人永欢笑。,2
中秋月儿圆，团圆乐无边。硕果喜来乐，玉米逐笑颜。高歌全家福，两人慢步舞。举杯邀明月，中秋共此时。美酒注相思，祝福寄平安，祝中秋快乐！,2
月儿圆又圆，思念藏心间；满纸肺腑言，对酒诗百篇；拨开窗前月，千里共婵娟；桂香已飘远，捎来问和愿；翩翩祥云来，映你福无边。中秋佳节，祝你心欢！,2
烦恼都飞绝，忧愁踪迹灭。中秋庆团圆，阖家偕欢乐。中秋佳节来临之际，愿您丢开烦恼，抛弃忧愁，归家团圆，举杯欢歌！中秋年年有，今年更快乐！,2
秋风送爽，丹桂飘香，嫦娥仙子曼舞翩翩；所谓伊人，在水一方，道阻且长思念绵绵；中秋佳节，祝福分享，欢聚一堂深情款款。中秋节快乐！,2
吃一口月饼，甜在心里；品一杯美酒，醉在心里；望一眼明月，美在心里。中秋之夜家人聚，知心的话儿说不尽。但愿年年有此时，合家欢乐庆团圆！,2
中秋月儿圆，阖家庆团圆。月饼香又圆，天天笑开颜。西瓜大又圆，事业广无边。苹果红又圆，爱情比蜜甜。葡萄甜又圆，平安又吉祥。祝中秋快乐，平安吉祥！,2
月儿圆圆挂天边，荷叶圆圆水中间。梦想圆圆都实现，成功圆圆舞翩跹。快乐圆圆永不变，祝福圆圆情无限：中秋花好月又圆，幸福与你两团圆。,2
圆圆的月儿天上挂，圆圆的月饼香天涯，圆圆的快乐美如花，圆圆的祝福到你家：美满日子玉润珠圆，幸福生活花好月圆，合家吉祥永团圆。,2
明月千里难以触摸，对你的思念无处寄托。举杯邀明月，请她对你说：福多钱多快乐多,2
月到双节分外明，节日喜气伴你行。人逢喜事精神爽，人团家圆事业成。节日愉快身体硬，心想事成您准赢。,2
海上明月共潮生，千里相思随云去，遥寄祝福千万缕，化作清风入梦里。中秋快乐!,2
窗前明月光，月饼有点脏；疑是手没洗，皱眉自思量。举头望明月，明月正照窗；低头细查看，原来没包装。中秋祝你，吃饼快乐，赏月开心！,2
月儿圆圆天边挂，梦想圆圆都成真，荷叶圆圆水中立，情谊缘缘永不变。祝福源源祝福传，中秋花好月又圆，幸福快乐两团圆。祝你中秋快乐！,2
天上有圆月如盘，人间有我的问候。圆月皎皎且明媚，祝福平常却珍贵。,2
福星高照，喜气长留。祥云浮紫阁，喜气溢朱门。帘短能留月，楼高不碍云。兰经香风满，松窗夜月圆。,2
中秋赏月好时光秋意渐浓桂花香佳节喜庆秋色怡节日花好月更圆快将诗情斟满杯乐教福音唱九霄,2
心弦旖旎随风舞，想望千里共此时，事有新奇传佳话，成就美梦享朦胧,2
但愿相见嫦娥羡，愿君团聚来赏月，人世沧桑从头看，长思相忆逢梦乡，久缘摇响相思曲，千丝万缕情意浓，里程年年十五月，共赏相依情似锦，婵婵情思尽欢腾，娟娟缠绵月儿圆,2
淡淡的季节，淡淡的问候，淡淡的思念，淡淡的期望，淡淡的等待，就让这淡淡的微风带上我对你无限的牵挂，来到你的身边，淡淡的问候，中秋快乐,2
中秋传思情，祝福快快醒，随我一声令，钻进手机里，若有心相印，快乐永不停，中秋快乐行！,2
月如飞天镜，团圆灯火明。一年中秋到，人间最吉庆。金菊满地香，佳节好温馨。喜迎中秋送祝愿，祝福传我情。幸福乐无尽，永远有好运！,2
今宵月更圆，合家庆团圆。今宵景更美，嫦娥舞翩跹。吴刚献美酒，举杯笑声欢。品茗赏明月，古今共情缘。中秋到了，祝快乐平安！,2
中秋佳节临，全国喜盈盈。大街和小巷，人人笑不停。家家庆团圆，举杯祝福诚。月饼甜如蜜，心中如蜜甜。但愿人长久，千里共婵娟。祝中秋快乐！,2
中秋到，吉祥的月光在挥洒，好运连连；快乐的花儿在绽放，开心无限；喜庆的灯笼在摇曳，幸福无限；真挚的祝福在发送，情深谊切：祝中秋节开心！,2
快乐穿成串，欢乐无穷多；美好抱成团，幸福更添彩；平安弯弯腰，福寿更绵长；吉祥碰碰头，鸿运当头照；中秋拍拍手，福运跟你走。祝中秋快乐！,2
中秋将到，让吉祥的月光洒满心房，幸福久久；让清爽的清风穿透心扉，快乐天天；让真挚的问候温暖心窝，情真意切。预祝中秋快乐，阖家幸福！,2
中秋将至，快乐幸福为你起舞，吉祥好运为你献歌，健康平安为你投保，轻松惬意为你斟茶，只愿你中秋乐陶陶，福寿安康笑盈盈！,2
月儿高照耀吉祥，月满人圆日子甜。月圆家圆共团圆，月饼甜美齐乐融。齐围圆桌品秋果，挥杯敬酒庆中秋。欢声笑语家和美，如意安康幸福伴。祝你中秋家圆万事兴！,2
花好月圆中秋节，好运快乐把你绕，欢天喜地庆团圆，八月十五寄思念，绵绵祝福穿云霄，中秋愿你乐逍遥。祝福你中秋佳节快乐，合家团圆，幸福安康！,2
让芳香桂花带去我的中秋牵挂，让圆圆明月带去我的深情问候，让香甜月饼带去我的无限惦念，让温馨秋意带去我的中秋祝福。祝你中秋节快乐，合家团圆！,2
月儿圆圆圆出美好心愿，月饼圆圆圆出生活甘甜，人儿圆圆圆出合家团圆，问候圆圆圆出幸福美满。中秋佳节，祝你幸福花好月圆，生活圆圆满满！,2
明月几时有，相聚在中秋。共享良辰美景，有花有月有酒。嫦娥后羿叙旧情，雌雄双兔傍地走。不羡天上宫阙，人间自有真情相守。中秋佳节，祝你幸福永久！,2
中秋佳节庆团圆，人兴财发捷报传。举杯邀月合家欢，醉到深处意绵绵。轻歌曼舞月下影，心想幸福千万年。良辰美景今夕有，更有幸福胜从前。中秋节快乐！,2
中秋十五的月亮早早爬上了星空高照九州，夺取了星系的光芒为自己的圆满增光添彩，将灿烂光辉洒向团圆的人们。中秋节愿你接纳星月之精华，圆满幸福！,2
中秋佳节月儿圆，诗情画意庆团圆，明月皎洁事业旺，玉兔欢跃闪灵光，祝福声声飘满屋，情谊浓浓充满园。中秋节，真心祝你中秋愉快，合家团圆幸福！,2
明月圆圆降吉祥，中秋之夜人团圆。月饼圆圆传快乐，吃在嘴里比蜜甜。美酒佳肴桌摆满，欢声笑语赏月圆。举杯同庆心祝愿，健康快乐幸福远。中秋节快乐无限！,2
不多不少，一条就好；不早不晚，时间刚好；不深不浅，真心就好；不骄不燥，自在逍遥。中秋佳节，祝福捎上，祝你快乐，收到笑笑就好！,2
中秋佳节年年同，真诚祝福别样红：天地刮起快乐风，好运相随人轻松，月饼香甜聚高朋，美酒醇烈情意浓，桂花飘芳思念送，幸福吉祥与君逢。,2
贤良淑德万人仰，举止大方又善良，捧月照亮甜蜜窗，折桂送出团圆香，恩泽世间满吉祥，喜庆好运绕身旁，快快迎接中秋“姐”，保你一生幸福长！,2
幸福播报：你将会成为世界上最幸福的人，拥有和睦的家庭，甜蜜的爱情，辉煌的事业，美妙的心情，还有我对你中秋节国庆节的祝福！节日快乐，大笑有礼！,2
温馨团圆本月底就到，快乐休假下月初即来。愿你有一个美满的中秋佳节，过一个开心的国庆长假。我的双节祝福提前到来，只因我第一个想到祝福的人是你！,2
据说今年中秋意义非凡，飞龙在天空中盘旋。提前发中秋祝福会得到神龙庇护。鉴于此，我预祝你中秋快乐，幸福每一天。希望你把神龙之音传给你每一个亲朋好友，愿他们得神龙保佑。,2
中秋十五月亮圆，祝福送给你祝愿。一祝家人都健康，二祝愿望都实现，三祝一年更比一年好，四祝美好如月圆，五祝今年月饼更香甜,2
中秋佳节没我相伴，我的祝福提前陪伴，愿你不在再孤单，圆圆的月，甜甜的饼，连同我的一颗祝福的心，愿你每一天都圆满。亲，中秋节快乐。,2
我的中秋祝福提前到，目的有三：一、告诉你月底就是中秋节，记得赏月。二、密切联系群众，做好送礼准备。三、预祝你中秋快乐，把祝福继续传递。,2
今年中秋国庆八天假，九月底一天，十月初七天。请赶紧通知你的亲朋好友。愿你有一个美好的八天假期，预祝你中秋团团圆圆，幸福快乐。国庆开开心心，幸福永远,2
佳节快要到，友朋齐欢笑；合家共团圆，相伴情谊深；我来祝福你，方知朋友心；提前问候所有朋友中秋快乐，合家团聚。,2
花好月圆，适逢中秋佳节，愚兄对你分外想念，于是祝福一则以表思念，以示祝福。衷心祝你中秋快乐，国庆快乐，以后的每一天都快快乐乐。,2
十五的月亮圆又圆，愿你的生活甜又甜，蟾宫折桂事业旺，吉祥如意身体棒，玉兔欢叫幸福缠绕，合家欢乐时光美妙。真心祝福中秋节快乐，国庆节开心！,2
我浩浩荡荡、风风火火、轰轰烈烈、快快乐乐、认认真真、斯斯文文、勤勤恳恳、认认真真、大大方方、堂堂正正、实实在在、稳稳当当祝你中秋快乐！,2
中秋佳节将来临，出门游子倍思亲。无论你现在在何方，祝你幸福又安康。回家的全家都团圆，在外你也不要闲。拉着朋友凑顿饭，开开心心过一年。,2
中秋夜，月儿圆，大家出来团一团。陪朋友，陪家人，高高兴兴吃顿饭。幸福到，快乐到，大家一起逛一逛。祝朋友，祝家人，愿你幸福又安康。,2
月儿都已经很圆了，你的祝福还不来，想来想去，还是忍不住给你发个吧，希望你看到我的消息乐开怀，出来陪我看月亮吧？中秋快乐！,2
中秋传思情，祝福快快醒，随我一声令，钻进手机里，若有心相印，快乐永不停，中秋快乐行！,2
中秋夜，月儿圆，月饼拿来团一团。美嫦娥，望人间，千里相聚最是难。你和我，有手机，发发祝福不图玩。八月十五送祝福，万水千山都等闲。中秋要快乐！,2
八月十五，月圆人圆满乐圆。合家欢乐，神州共游乐。桂花飘香，迎风乐悠悠。祝你和你的家人和和美美，快乐每一天。,2
月儿圆，月儿亮，愿你幸福又安康；看月光，赏夜景，喝着小酒吃月饼；陪朋友，陪家人，送去祝福的真心；中秋节，就要到，我的祝福先来到。,2
漂洗心中的思念，沉淀美好的祝愿，遥对九天的月圆，祈愿生活的美满，分享月饼的香甜，昭示工作的顺心，奉送祝福的心愿，祝愿开心到永远，中秋快乐。,2
月儿高高，思念心情给你捎，开口笑笑，好彩好运一起到，心儿跳跳，迎得福气来拥抱，日子好好，幸福生活抱你腰，中秋佳节，祝愿工作事业步步高。,2
花好月圆中秋夜，欢乐相伴把酒端，互送祝福传情谊，平安好运你如意。祝您幸福中秋，快乐中秋，工作顺利，永远幸福！,2
今年中秋节，将出现千年一遇的奇观：七心伴月。这条祝福就是参观券，祝你朋友知心、爱人知心、生活随心、事业顺心、健康放心，事事称心，天天开心！,2
中秋月儿圆，全国人民大团圆。中秋心儿圆，阖家欢乐人团圆。中秋梦儿圆，愿愿随心心愿圆。中秋事儿圆，心想事成圆圆圆！中秋节，送你祝福的同心圆！,2
月圆人圆，祝你合家团圆，月圆梦圆，祝你心愿能圆，月圆财源，祝你滚滚财源，月圆心圆，祝你人生如愿。,2
中秋赏月，祝你好运，圆月高升，花好事圆，愿你圆事业之梦，圆美丽情缘，圆幸福人生，圆如意成功，全家健康，和和圆圆，愿朋友，吃圆月饼，中秋快乐！,2
工作顺顺利利，出入平平安安，家庭和和睦睦，天天开开心心，月月奖金多多，年年业绩高高，世世幸福安康。中秋快乐！,2
心中升明月，天涯共此时，但愿人长久，千里共婵娟。中秋节到了，祝愿你幸福安康，事业进步，生活美满，合家欢乐！,2
中秋到，送您真诚的祝福：中心健康站，秋天幸福转，快乐为半径，乐赏明月圆。祝幸福安康，合家欢乐！,2
中秋时节，祝你的好运一帆风顺，事业顺理成章，工作顺心配合，生活一顺百顺，赚钱顺手牵羊，爱情得心应手，一切都对你顺顺利利！,2
牡丹富贵天下闻，月圆满至意更佳，锦鲤鸿运中秋到，千里情缘共婵娟。,2
秋高气爽，月朗星稀，中秋佳节，满月当空，月是家乡明，家家团圆庆；户户月饼香，人人笑脸迎，中秋快乐！,2
十五是月亮正圆的时候，十五是桂花正香的时候，十五是情思最浓的时候，十五是祝福最应该到的时候，八月十五祝你中秋快乐。,2
中秋将至，送上祝愿，一送月圆不用花钱，二送人圆没有时限，三送梦圆努力实现，四送佳缘幸福美满，五送我心愿，祝你天天开心无极限。,2
八月十五月儿圆，美味佳肴到嘴边。微风乍起添衣服，嫦娥飞来把酒添。好久不曾常联系，其实心里却挂念。祝福一条送祝福，中秋快乐生活甜,2
秋月斜挂天边，相思长存心间。不知饼中何陷，送君必定甜蜜。祝愿中秋快乐，日子平安悠闲。祝福传我心声，贤君见信欢颜。,2
佳节到，浓浓的思念，绵绵的祝福，默默的关心，轻轻的问候，这一切都铸成甜香酥饼送给你。愿你好运连连，精彩常常，事事圆满，天天好心情，中秋快乐,2
嫁人要嫁灰太狼，中秋祝福要成双。赠你真诚祝福语，赠你美味月饼礼。祝你月来越健康，月来越幸福，明月在眼，音乐在耳，喜悦在心！中秋快乐！,2
2018中秋节祝福提前送上，祝福大家中秋国庆双节双份快乐！,2
国庆巧遇中秋万家欢，人生适逢盛世精神爽。祝您节日愉快、合家团圆！若想过此节再等三十年！！！,2
国庆、中秋两节遇，合家团圆精神俱。祝您节日愉快、心想事成。,2
月是中秋分外明，我把问候遥相寄；皓月当空洒清辉，中秋良宵念挚心；祝愿佳节多好运，月圆人圆事事圆！,2
春江潮水连海平，海上明月共潮生，花好月圆人团聚，祝福声声伴你行。中秋快乐！,2
嗨，嫦娥让我给你带个话，今年中秋给她留点月饼渣，她明年会给你送个大金月饼。,2
国庆国庆普天同庆，中秋中秋家家团圆，祝福你在这个和平幸福的年代里节日快乐！,2
送一个圆圆的饼，献一颗圆圆的心，寄一份圆圆的情，圆一个圆圆的梦。中秋节快乐！,2
中国寿辰六十年，秋风入帐夜难眠。快马送福加一鞭，乐享中秋声震天！首字连读中秋快乐，举国同乐！,2
秋叶片片，勾起无限思念。浪漫情怀，伴随中秋而来。暖暖的问候，浓浓的情谊，汇聚成这一条消息，传输到你的手机，中秋节，祝你快乐不断，无限惊喜！,2
酷暑去，天气凉，北雁正南翔；仲秋至，寒气涨，朝夕时分添衣裳；佳节到，联络忙，发个祝福把你想国庆快乐！中秋快乐！,2
圆月，皎洁明亮，挂天边；思念，深切沉甸，埋心间；期盼，早日团聚，把你念；但愿，美梦成真，家合人团圆。中秋将至，敬祝天天快乐！事事顺心！,2
明月送清风，风送祝福情，把酒对明月，月照人间明。祝您在花好月圆的中秋之夜，万事如意、阖家欢乐、幸福永驻！,2
月到中秋耀夜空，情到中秋聚真诚。愿您亲情充满温馨，友情永远贴心，事情如意顺心，心情保持清新。祝您中秋开心！,2
皓月明亮撒柔光，照您事业更辉煌；良宵美景度佳节，家庭幸福伴和谐。愿您度过一个快乐幸福的中秋之夜。,2
真正的生命，春天不艳、秋天不凋；真正的情谊，贵时不重，贫时不轻；真正的快乐，节日不浓，平时不淡；真正的祝福，情真意切，韵味悠长！祝中秋快乐！,2
秋已至，天转凉，鸿雁下斜阳；红花谢，绿林黄，莫忘添衣裳；欲惆怅，享阳光，天籁语铿锵；桂树茂，菊散香，徐风携清凉，多安康。,2
明月光，地上霜，霜在降，天气凉。蒹葭苍苍，白露为霜，所谓伊人，也要康复。清秋时节，加件衣裳，暖暖和和，安度秋霜，祝快乐又健康！,2
星星的寂寞月知道，晚霞的羞涩云知道；花儿的芬芳蝶知道，青草的温柔风知道；梦里的缠绵心知道，心里的酸楚泪知道；我的思念您知道：祝中秋节快乐！,2
嗨，嫦娥让我给你捎个话：你昨晚如此含情脉脉地凝望她，让她心跳加快，一夜未眠，拜托今天你不要再用目光骚扰她啦！中秋快乐啊！,2
谁分享谁的月光，谁抹去谁的忧伤，谁收伏谁的轻狂，谁把谁放心上？星星分享午夜月光，午夜抹去心灵忧伤，岁月收伏年少轻狂，我把你放心上！中秋快乐！,2
明月光，地上霜，霜在降，天气凉。蒹葭苍苍，白露为霜，所谓伊人，也要健康。清秋时节，加件衣裳，暖暖和和，安度秋霜，祝快乐又健康！,2
把美好的创意交给秋风，任其演绎相思旋律；让雀跃的心步入太空，在月宫桂树下再续永恒主题。中秋佳节来临之际，愿你心情如秋高气爽，笑脸如鲜花常开！,2
星星的寂寞月知道，晚霞的羞涩云知道；花儿的芬芳蝶知道，青草的温柔风知道；梦里的缠绵心知道，心里的酸楚泪知道；我的思念您知道：祝中秋节快乐！,2
月亮是浪漫天使的家，有我一只很大的感情沙发，你可以让心在此小憩，品一杯我用爱泡的茶，喝完水后要看家，见了生人要咬他！祝你中秋快乐！,2
月很圆，花更香，保重身体要健康；鱼在游，鸟在叫，愿你天天哈哈笑；手中书，杯中酒，祝你好运天天有！欢乐多，忧愁少，祝中秋快乐，烦恼跑掉！,2
一个微笑可以融化沉重的脸，一句安慰可以鼓舞丧气的心田；一点帮助可以减轻人生重担，一次分享可以激励奋发向前！愿我的祝福可带给你祝福，中秋快乐！,2
自古中秋月最明，凉风届候夜弥清。一天气象沉银汉，四海鱼龙跃水精。月到中秋分外明，又是一年团圆日，祝您节日愉快，身体安康！,2
朋友，不管你现在身处何方，今晚一定要看看那被你遗忘已久的月亮！许个愿吧，很可能就会实现哦！祝您中秋快乐，阖家团圆！,2
中秋到了，送你一个月饼。第一层：关心；第二层：体贴；第三层：浪漫；第四层：温馨；中间夹层：甜蜜！祝你天天都有一个好心情！永远开心！中秋快乐！,2
中秋之夜我在月宫宴请客人，为大家准备丰盛的晚餐：清蒸浪漫，红烧祝福，水煮团圆，油炸快乐糕，真诚温馨汤，十分开心果，温暖幸福酒。敬请光临。,2
今夜明月圆，家家人团圆，幸福好因缘，快乐朋友缘，甜蜜爱情缘，愿你日日花好月圆，中秋更加幸福团圆！,2
好累啊，和太阳打了几天的架，想夺个月亮送给你，没想到那个家伙一点面子都不给！我一气之下把月亮踩成了月饼，不介意就收下吧！祝中秋快乐！,2
秋已至，天转凉，鸿雁下斜阳；红花谢，绿林黄，莫忘添衣裳；欲惆怅，享阳光，天籁语铿锵；桂树茂，菊散香，徐风携清凉，多安康。,2
心到、想到、得到、看到、闻到、吃到、福到、运到、财到、中秋节还没到，我的祝福肯定第一个到！如果有人比我早，请你通通删掉！中秋快乐！阖家团圆！,2
年年圆满如意，月月事事顺心，日日喜悦无忧，时时高兴欢喜，刻刻充满朝气。在这中秋佳节之际，我衷心祝您：月圆人圆花好，事顺业顺家兴！中秋快乐！,2
月是中秋分外明，我把问候遥相寄；皓月当空洒清辉，中秋良宵念挚心；祝愿佳节多好运，月圆人圆事事圆！,2
就知道中秋那天你会被铺天盖地的祝福包围，英明的我今天就让祝福跨过高山越过高楼大厦穿过大街小巷，闪过卖茶叶蛋的老太太，钻进你的手机：中秋快乐！,2
中秋之际，我谨代表党中央、国务院、以及拉登兄和基地全体勇士、布什、普京、布莱尔，向你并通过你向全家人致以最真挚的问候：中秋快乐！,2
天苍苍，野茫茫，今年奖金太渺茫！水弯弯，路长长，没钱的日子太漫长！楼高高，人忙忙，今夜能否与你结伴抢银行暗号：中秋快乐！提“钱”快乐！,2
我绝望了：紫霞离开了我，师傅又太唠叨，牛魔王借我的钱又不还，好不容易买下了水帘洞又被菩萨恶意收购，还好到了中秋节，发个消息，祝二师弟节日快乐。,2
嚄畋我桫籴蠡鋈劓祝鋈劓劓罘你骱鲙哿靺中骱鲙哿靺秋桫籴骱快桫籴蠡鋈乐鹎觌，看不懂了吧，早就说你文化水平低，挑认识的看一遍,2
月圆年年相似，你我岁岁相盼。那满天的清辉，遍地水银，便是我们互倾的思念，你没忘了要请我吃饭吧。,2
网缘！情缘！月圆！你的肚儿圆！中秋夜语寄相思，花好月圆情难圆。带去问候和思恋，心想事成愿缘圆。,2
秋意撩人，愿在初秋的夜晚你我享，皓月当空，思意正浓！祝中秋快乐，记得留块月饼给我哦！,2
祝“中秋节”快乐：奖金多多再翻一倍，事业发达再进一步，人气直升再火一点，身体安康再棒一点，人见人爱身边美女再多一群,2
听说今年中秋节期间出了个怪事，我当时正好路过，但我不相信我所见到的一切：那只猪居然真地像人一样拿着手机在看祝福,2
心到想到得到，福到运到财到，中秋节还没到，但愿我的祝福第一个到。提前祝你中秋节快乐！其他祝福祝福都是我安排的！,2
中秋奉上月饼，五克快乐枣，一把关心米，三钱友情水，保质期：农历八月十五前；保存方法：请按保存键,2
中秋就快到了我要送你一个月饼。第一层体贴！第二层关怀！第三层浪漫！中间夹层甜蜜！愿你喜欢！,2
把我的心情心思心意心愿心疼心急心动心爱心灵心血心田心扉心绪心潮心醉心神心结心碎一并送给你，让你永远开心爽心留心定心舒心遂心一切顺心！中秋节快乐！,2
爱笑的人，笑对人生；爱哭的人，心为愁生。命运不可主宰，但人生的色彩，你我都能信手拈来。中秋快乐！,2
花瓣雨漂过，把花蕊留给你，四季风吹过，把枫叶留给你，岁月潮涌过，把欢乐留给你，又是月圆夜，把祝福送给你，中秋快乐！,2
遥遥的梦亮起一盏灯听我心愿一声声但愿你的人生没有伤痕但愿你平安一程又一程但愿你快乐永恒但愿我是祝你中秋快乐的第一人,2
中秋佳节到了，衷心的祝愿你，我的朋友：生活开心，学业进步，身体健康。祝甜蜜伴你走过一年中的每一天，温馨随你度过一天中的每一时！,2
把我的心情心思心意心愿心疼心急心动心爱心灵心血心田心扉心绪心潮心醉心神心结心碎一并送给你，让你永远开心爽心留心定心舒心遂心一切顺心！中秋节快乐！,2
爱笑的人，笑对人生；爱哭的人，心为愁生。命运不可主宰，但人生的色彩，你我都能信手拈来。中秋快乐！,2
花瓣雨漂过，把花蕊留给你，四季风吹过，把枫叶留给你，岁月潮涌过，把欢乐留给你，又是月圆夜，把祝福送给你，中秋快乐！,2
遥遥的梦亮起一盏灯听我心愿一声声但愿你的人生没有伤痕但愿你平安一程又一程但愿你快乐永恒但愿我是祝你中秋快乐的第一人,2
我的消息来啦！收到的人春风得意，阅读的人工作顺利，储存的人爱情甜蜜，转发的人大吉大利，删除的人依然好运气！祝中秋快乐！,2
中秋有的送月饼，还有人送脑白金，送出祝福事圆圆，送去健康好精神！编个祝福当月饼，加上祝福脑白金！送你苹果保平安，送你葡萄大团员！,2
初入夜晚的满月照亮寂寥的院落；年年在外，美好中秋有几次和家人同过？在风中飘落的青春带不走我对你的思念；在这温馨夜晚愿远方的朋友永远幸福安康,2
明月千里难以触摸，对你的思念无处寄托。举杯邀明月，说：福多！财多！快乐多！,2
月亮说，她会在八月十五的晚上安排美丽的月光，将我的祝福送到你的眼里，写在你的心上。,2
年年圆满如意，月月事事顺心，日日喜悦无忧，时时高兴欢喜，刻刻充满朝气，月圆人圆花好，事顺业顺家兴！,2
秋意撩人，愿在初秋的夜晚你我共享，皓月当空，思意正浓！祝中秋快乐，记得留块月饼给我呦！,2
中天皓月明世界，遍地笙歌乐团圆。祝您的事业更加成功，从本次月圆时开始，好事不断,2
清风带去我的祝福，明月捎走我的问候，送你一丝风儿，赠你一缕月儿，风月无边，人间有情，中秋快乐！,2
我总觉得中秋的月亮并不亮，因为，在我心灵深处，有我对你思念的泪光，这比他还亮你真的好幸福，嫦娥给你送月饼，送个月饼祝福你，天天有个好心情。,2
明月几时有，把饼问青天，不知饼中何馅，今日是莲蓉。我欲乘舟观月，又恐飞船太慢，远处不胜寒。起身发消息，祝福在人间。中秋快乐！,2
已经接到很多月饼了吧，不防再接一个非常特别的成分：甜蜜开心快乐包容活力幸福，别急着吃这月饼，特殊就是保质期很长，一辈子！所以你可以慢慢品味！,2
送你一个爱心水果篮：篮底送一生平安，中间放无限祝福，四周注满富贵吉祥，上面铺满开心快乐，外加永远幸福，365天天天如愿！中秋快乐！,2
因为有无价的爱情，所以一枝玫瑰比一棵树值钱；因为有十五的月亮，所以一个月饼比一袋面值钱；因为有真诚的祝福，所以一条祝福比千言万语珍贵！,2
忙着吧呢？对。说话不方便吧？啊！那我说你听。行！我想你啦！哦！你想我吗？嗯！别紧张，我就想告诉你中秋到了，中秋快乐呀！,2
温馨提醒：1、出门时亲吻自己的妻子；2、抱一下自己的孩子；3、给父母打个电话；4、中秋夜一定在家，因为有人牵挂。,2
人生是一道风景，快乐是一种心境，春看桃，夏看柳，秋观菊，冬赏梅，愿幸福快乐伴随你，月圆是诗，月缺是画，日上灿烂，日落浪漫，愿你中秋愉快！,2
轻轻地一声祝福，道不尽心中的千言万语，短短的一条祝福，给你带上我衷心的问候：中秋之夜我很挂念你！,2
温馨的问候，盼你能时常想到我，也希望你能知道，在中秋之夜，无论天涯海角我都深深祝福你。,2
发个消息同你聊，架起一座思念桥；没有什么好送你，只有一句好想你！中秋快乐,2
中秋之际：我谨代表泽民叔、锦涛哥，党中央国务院及拉登兄和基地全体勇士、布什、普京、布莱尔向你并向你的家人朋友致最真挚的问候：中秋快乐！,2
一个月亮一个你，二个影子我和你，三生有幸认识你，四个月来好想你，五湖四海寻找你，六神无主迷恋你，七星伴月围绕你，八月十五我等你。,2
卫生部发出通知，凡是家里还有月饼的一律上缴国库，不上缴国库上缴到我家也行，违令者今后不准晒月亮！,2
青蛙的四大愿望：庄稼地里没蛇泡，天鹅在我怀里抱，参加奥运三级跳，中秋节里看祝福。,2
用我的真心做陷，用我的祝福做面，裹住美满与甜蜜，在这美丽的中秋佳节，送上我为您特制的月饼，愿您品出我的真情意。,2
中秋佳节到，祝福不迟到，祝您：月圆，人圆，事事圆；好花，好景，好事连。,2
举头仰望《十五的月亮》，让《白月光》温柔地洒在你身上，想把《特别的爱给特别的你》，轻轻哼唱《月亮代表我的心》，你听得到吗？,2
月圆家圆钱包圆人别圆！心顺情顺工作顺天天顺！祝中秋快乐，万事如意，合家团圆美满！有空请我吃饭哦！,2
月十五，天下太平；月到中秋，全家拜月；宝塔灯，照照天地；花下藕，藕丝连连；红石榴，榴开见子；团圆饼，有情人团团圆圆,2
八月十五将至送你一只月饼，含量：100关爱，配料：甜蜜快乐开心宽容忠诚幸福；保质期：一辈子保存方法：珍惜。,2
流星划过天际，我错过了许愿；浪花拍上岩石，我错过了祝福；故事讲了一遍，我错过了聆听；人生只有一回，我没有错你！今晚邀你共同赏月！,2
抬头望明月，低头思故人，虽然我很是想你，但我不会寂寞，因为我与你在分享同一轮明月。,2
心到，想到，得到，看到，闻到，吃到，福到，运到，财到，中秋节还没到，但愿我的祝福第一个到。提前祝你中秋节快乐！天天好心情！,2
中秋将至，奉上一个月饼，配料：五克快乐枣，一把关心米，三钱友情水，用幽默扎捆，用手机送达；保质期：农历八月十五前。,2
又是一年落叶黄，一层秋雨一层凉。整日工作挺辛苦，天凉别忘加衣裳。保重身体多餐饭，珍惜友情常想想。中秋快乐，合家团圆！,2
月很圆，花更香，保重身体要健康；鱼在游，鸟在叫，愿你天天哈哈笑；手中书，杯中酒，祝你好运天天有！欢乐多，忧愁少，预祝中秋节快乐！,2
秋意撩人，愿在初秋的夜晚你我享，皓月当空，思意正浓！祝中秋快乐，记得留块月饼给我哦！,2
月亮是诗，星空是画，愿所有的幸福伴随你，问候是春，关心是夏，愿所有的朋友真心待你，温柔是秋，浪漫是冬，愿所有快乐跟随你。祝中秋节快乐,2
我将你的手机号码告诉了一个陌生人，他叫月老，他会在中秋月圆夜要帮我告诉你；我心思你，我心念你，我心祝你中秋快乐！,2
无论天南海北，不论相聚与离别，有份祝福永远挂在我心中，祝你一切圆满美好！,2
十五的皓月高挂晴空，你不在我的身边，我只好让明月带上我思念和祝福节日快乐！我想你！,2
秋意撩人，愿在初秋的夜晚你我共享，皓月当空，思意正浓！祝中秋快乐，记得留块月饼给我哦！,2
虽然不能与你共邀明月，但短讯代我送上祝福。祝你节日快乐。,2
中秋月儿圆圆，故乡远在天边，亲人梦绕魂牵，爱人关爱绵绵，朋友情谊万千，祝愿此情此景，心底温暖无限！,2
明月几时有，把饼问青天，不知饼中何馅，今日是莲蓉，如果把它尝，幸福满满满！,2
在这特别的日子里，送一份淡淡的清香，为你洒脱缤纷的祝福！远方的你，中秋节快乐！,2
以真诚为半径，用尊重为圆心，送您一个中秋圆圆的祝福愿：爱您的人更爱您，您爱的人更懂您！好事圆圆！好梦连连！预祝中秋快乐，月圆人更圆！,2
在您享受美味月饼的同时应喝些茶，这样有助于去油腻、帮助消化、增加食欲。并同时在中秋佳节送上浓浓的情意与祝福，月圆人圆事事美满，中秋快乐！,2
红红翠翠，年年朝朝暮暮。暮暮依依，时时鲽鲽鹣鹣。说不完的思念，但愿您的生活就象月一样美满！,2
天气变得好快，凉风悄悄袭来，晚上毯子要盖，别把脚丫冻坏，没事叨根骨头，那样可以补钙，不要再骂我坏，祝你中秋愉快。,2
十五月，圆又圆，打制的月饼甜又甜。嫦娥仙女来做馅，玉兔宝宝忙做皮，月洒银辉做封面，星光点点做提绳。,2
佳节到，送您个月鉼：第一层财运；第二层幸运；第三层福运；第四层浪漫；中间夹层甜蜜，祝您天天好心情！,2
八月中秋不送礼，发条祝福祝福你，健康快乐长伴你，好运和你不分离，还有让我告诉你，财神已经跟随你。,2
中秋，思念的时节，我将真诚与祝福浓缩至祝福，带着关怀与思昐，随电波飞向你。,2
中秋将至，奉上一个月饼，配料：五克快乐枣，一把关心米，三钱友情水，用幽默扎捆，用手机送达；保质期：农历八月十五前；保存方法：请按保存键。,2
又是中秋又是圆，每年中秋夜见明，穿梭灯笼快乐夜，祝君健康永团圆！,2
十五月儿圆又圆，中秋饼儿甜又甜，月圆饼甜合家欢，幸福吉祥又一年！,2
海上明月共潮生，千里相思随云去，遥寄祝福千万缕，化作清风入梦里。中秋快乐！,2
玉兔，嫦娥，桂树；美白，漂亮，芳馥。明月，清风，十五；相思，团圆，遥祝。,2
每逢佳节倍思亲，我想说，无论我身在何处，无论我人在何方，我的心永远和你们在一起！,2
中天皓月明世界，遍地笙歌乐团圆。祝您的事业更加成功，从本次月圆时开始，好事不断,2
据最新天文消息，今年中秋佳节的月亮最圆，愿最圆的月儿带给你一个最浪漫、最温馨的夜晚！,2
抬头看看天上那轮明月，像不像我微笑的圆脸？嘻嘻！！祝您节日愉快！身体健康！,2
明月千里难以触摸，对你的思念无处寄托。举杯邀明月，请她对你说：福多！钱多！快乐多！,2
清风带去我的祝福，明月捎走我的问候，送你一丝风儿，赠你一缕月儿，风月无边，人间有情，中秋快乐,2
注意了，今天不用买月饼了，月亮会从天下往你家的餐桌上掉月饼的！中秋快乐！,2
同望当空月，月圆梦未圆。天涯情切切，拭泪两相思。中秋无佳期，各自怨遥夜。闻音忆亲容，千里牵情丝。,2
不管你此时身在何方，看看那被你遗忘很久的月亮；因为它满载我的祝福。祝中秋节快乐！,2
朋友，不管你现在身处何方，今晚一定要看看那被你遗忘已久的月亮，许个愿吧很可能就会实现哦！中秋快乐！,2
虽然你我各在一方，那就让最圆的明月陪伴你我，让明月传达我对你的思念及祝福，节日快乐。,2
月到双节分外明，节日喜气伴你行。人逢喜事精神爽，人团家圆事业成。节日愉快身体硬，心想事成您准赢。,2
嗨，嫦娥让我给你带个话，今年中秋给她留点月饼渣，她明年会给你送个大金月饼。祝中秋节快乐！,2
月是中秋分外明，我把问候遥相寄；皓月当空洒清辉，中秋良宵念挚心；祝愿佳节多好运，月圆人圆事事圆！,2
明月，一闪一闪，挂天边；思念，一丝一丝，连成线；回忆，一幕一幕，在眼前；但愿，一年一年，人圆全。,2
今天送上中秋节祝福：锅你得洗哇，碗你得洗哇，锅和婉你都洗了哇！汉语译文：今天快乐，明天快乐，中秋节快乐！,2
八月十五将至，送你一只月饼，含量：100关心，配料：甜蜜快乐开心宽容忠诚幸福；保质期：一辈子；保存方法：珍惜。,2
八月中秋不送礼，发条祝福祝福你，健康快乐长伴你，好运和你不分离，还有让我告诉你，财神已经跟随你。,2
八月中秋月儿圆，对着嫦娥表思念，心中的人啊你可看见，嫦娥也在默默祝愿，愿你生活比蜜甜！,2
愿你过的每一天都象十五的月亮一样成功圆满。,2
把酝酿已久的创意交给秋风，任其去演绎相思的旋律；让翘盼团聚的心跃上太空，在月宫桂树下再叙永恒的主题。,2
春有百花秋望月，夏有凉风冬听雪，心中若无烦恼事，便是人生好时节，愿你晨有清逸暮有悠闲，梦随心动心随梦求，祝中秋节愉快！,2
风柔雨润花好月圆，幸福生活好甜！冬去春来似水如烟，一年中秋在眼前！流年不复返，人生须尽欢。中秋快乐！,2
嗨，嫦娥让我给你带个话，今年中秋给她留点月饼渣，她明年会给你送个大金月饼。祝中秋节快乐！,2
后羿忙射日，嫦娥偷奔月。月老不曾老，自古情难了。中秋月儿挂，心中圆往事。玉兔伴嫦娥，绢带千古绕相思。,2
佳节到，送您个月饼：第一层财运，第二层幸运，第三层福运，第四层浪漫，中间夹层甜蜜，祝您天天好心情！,2
金秋圆月挂天边，浪子心中思念添；寂寞嫦娥空际舞，八戒被贬为那般；我予汝心天可表，千里也能共婵娟。,2
明月，一闪一闪，挂天边；思念，一丝一丝，连成线；回忆，一幕一幕，在眼前；但愿，一年一年，人圆全。,2
明月本无价，高山皆有情。路遥千里，难断相思。人虽不至，心向往之。衷心祝愿您和家人团圆美满,2
明月千里难以触摸，对你的思念无处寄托，举杯邀明月，说：福多！钱多！快乐多！,2
明月清风，风送祝福；把酒对月，月表人圆；皓月当空，空气传情；道是有缘，缘自月圆！,2
年年圆满如意，月月事事顺心，日日喜悦无忧，时时高兴欢喜，刻刻充满朝气，月圆人圆花好，事顺业顺家兴！,2
朋友，不管你现在身处何方，今晚一定要看看那被你遗忘已久的月亮，许个愿吧，很可能就会实现哦。中秋快乐！,2
千里试问平安否？且把思念遥相寄。绵绵爱意与关怀，浓浓情意与祝福，中秋快乐！,2
清风带去我的祝福，明月捎走我的问候，送你一丝风儿，赠你一缕月儿，风月无边，人间有情，中秋快乐！,2
秋江潮水连海平，海上明月共潮生，花好月圆人团聚，祝福声声伴你行。祝你中秋愉快,2
去年明月今又来，人间一岁几多情，但愿月圆花常开，世间此情古今同。,2
人有悲欢离合，月有阴晴圆缺，只是不能团圆，但愿人长久，千里共婵娟。中秋节快乐！,2
三五夜中新月色，二千里外故人心。今夜月明人尽望，不知秋思落谁家。,2
十五月，圆又圆，打制的月饼甜又甜，嫦娥仙女来做馅，玉兔宝宝忙做皮，月洒银辉做封面，星光点点做提绳。,2
送你一份中秋月饼，品牌：真情；成分：真心快乐；保质期：一生；营养：温馨幸福真情；制造商：想念你的人。,2
天气变得好快，凉风悄悄袭来，晚上毯子要盖，别把脚丫冻坏，没事叨根骨头，那样可以补钙，不要再骂我坏，祝你中秋愉快。,2
月饼节到了！嘘别吱声对着屏幕乐一下再乐一下呵呵我看到了！好了！愿你快乐！,2
中秋，思念的时节，我将真诚与祝福浓缩至祝福，带着关怀与思昐，随电波飞向你。,2
八月中秋不送礼，发条祝福祝福你，健康快乐长伴你，好运和你不分离，还有让我告诉你，财神已经跟随你。,2
让最圆的明月陪伴你和我，让明月传达我的心愿与祝福,2
听到想到心到，说到做到得到，时间到我的美好祝福已全部让你收到。中秋快乐！微笑甜甜！,2
中秋的月亮，在窗外静静地悬着。我楞楞地看着它，仿佛它是一面明镜，你我在互相注视,2
我将你的手机号码告诉了一个陌生人，他叫月老，他会在中秋月圆夜要帮我告诉你；我心思你，我心念你，我心祝你中秋快乐！,2
千里试问平安否？且把思念遥相寄。绵绵爱意与关怀，浓浓情意与祝福，中秋快乐！,2
月是中秋分外明，我把问候遥相寄；皓月当空洒清辉，中秋良宵念挚心；祝愿佳节多好运，月圆人圆事事圆！,2
嗨，嫦娥让我给你带个话，今年中秋给她留点月饼渣，她明年会给你送个大金月饼。祝中秋节快乐！,2
明月几时有，把饼问青天，不知饼中何馅，今日是莲蓉，我欲乘舟观月，又恐飞船太慢，远处不胜寒。,2
十五月，圆又圆，打制的月饼甜又甜。嫦娥仙女来做馅，玉兔宝宝忙做皮，月洒银辉做封面，星光点点做提绳。,2
金秋圆月挂天边，浪子心中思念添；寂寞嫦娥空际舞，八戒被贬为那般；我予汝心天可表，千里也能共婵娟。,2
天气变得好快，凉风悄悄袭来，晚上毯子要盖，别把脚丫冻坏，没事叨根骨头，那样可以补钙，不要再骂我坏，祝你中秋愉快。,2
清风带去我的祝福，明月捎走我的问候，送你一丝风儿，赠你一缕月儿，风月无边，人间有情，中秋快乐,2
明月清风寄相思！让月儿捎上我的祝福传递给你；让思念化作一缕轻风，柔柔的吻过你的脸！,2
你是月饼我是馅，缠缠绵绵总见面；你是风筝我是线，追追逐逐把你牵；你是明月我是泉，美美满满一万年！,2
送一个圆圆的饼，献一颗圆圆的心，寄一份圆圆的情，圆一个圆圆的梦。中秋节快乐！,2
明月，一闪一闪，挂天边；思念，一丝一丝，连成线；回忆，一幕一幕，在眼前；但愿，一年一年，人圆全。,2
一个月亮一个你，二个影子我和你，三生有幸认识你，四个月来好想你，五湖四海寻找你，六神无主迷恋你，七星伴月围绕你，八月十五我等你,2
愿中秋佳节：春风洋溢您、家人关心您、爱情滋润您、财神宠幸您、朋友忠于您、我会祝福您、幸运之星永远照着您！,2
正逢中秋之际，祝您位高权重责任轻，钱多事少离家近，每天睡到自然醒，工资数到手抽筋，奖金多到车来运，别人加班您加薪！,2
举杯仰天遥祝：月圆人圆花好，事顺业顺家兴。,2
月是中秋分外明，我把问候遥相寄；皓月当空洒清辉，中秋良宵念挚心；祝愿佳节多好运，月圆人圆事事圆！,2
月到双节分外明，节日喜气伴你行。人逢喜事精神爽，人团家圆事业成。节日愉快身体硬，心想事成您准赢,2
月圆了，家圆了，肚子圆了，最好钱包也圆了节日快乐，万事如意，合家团圆美满！,2
中秋到了，送你一个月饼。第一层：关心！第二层：体贴！第三层：浪漫！第四层：温馨！中间夹层：甜蜜！祝你天天都有一个好心情！永远开心！,2
中秋是一种象征，明月是一道风景，怀念是一次感动，祝福是一往情深。谨祝：节日快乐平安，月圆人乐心甜！,2
用浪漫做皮；用温馨做馅；幸福做蛋王；懂得品味的人不需要多，最好只有你一个！,2
千里试问平安否？且把思念遥相寄。绵绵爱意与关怀，浓浓情意与祝福，中秋快乐！,2
以真诚为半径，用尊重为圆心，送您一个中秋圆圆的祝福愿：爱您的人更爱您，您爱的人更懂您！好事圆圆！好梦连连！预祝中秋快乐，月圆人更圆,2
相思是一种浓浓的酒，总在举杯时散发出醉人的芬芳；乡愁是一份厚厚的情，总在月圆时轻唤起难言的惆怅。,2
明月千里难以触摸，对你的思念无处寄托。举杯邀明月，请她对你说：福多！钱多！快乐多！,2
明月本无价，高山皆有情。路遥千里，难断相思。人虽不至，心向往之。衷心祝愿您和家人团圆美满,2
明月清风寄相思！让月儿捎上我的祝福传递给你；让思念化作一缕轻风，柔柔的吻过你的脸！,2
明月本无价，高山皆有情。愿你的生活就象这十五的月亮一样，圆圆满满！,2
海上明月共潮生，千里相思随云去，遥寄祝福千万缕，化作清风入梦里。中秋快乐！,2
月缺时我想你，月圆时我念你，无论月圆月缺，我的心如那恒古不变的月光，默默的追随着你的每一次微笑！,2
月到中秋了，你我天各一方。岁月流失的都是美好，我会想你，你记得那句话吗？,2
天上月亮天又圆，吃得月饼甜不甜；对你说声祝福语，快乐天天伴随你；时常心里挂着你，你是我心中的唯一。,2
皓月当空洒清辉，中秋良宵念挚心；祝愿佳节多好运，月圆人圆事事圆！,2
明月本无价，高山皆有情。愿你的生活就像这十五的月亮一样，圆圆满满！,2
网缘！情缘！月圆！中秋夜语寄相思，花好月圆情难圆。带去问候和思恋，心想事成愿缘圆。,2
月圆年年相似，你我岁岁相盼。那满天的清辉，遍地水银，便是我们互倾的思念。,2
您生命的秋天，是枫叶一般的色彩，不是春光胜似春光，时值霜天季节，却格外显得神采奕奕。,2
嗨，嫦娥让我给你带个话，今年中秋给她留点月饼渣，她明年会给你送个大金月饼。祝中秋节快乐,2
月亮说，她会在八月十五的晚上安排美丽的月光，将我的祝福送到你的眼里，写在你的心上。,2
祝福中秋佳节快乐，月圆人圆事事团圆。人顺心顺事事都顺。祝全家幸福、和气满堂、合家欢乐！,2
关掉你的手机，慢慢地闭上眼睛，想想我，想想月饼，你会发现我和月饼一样可爱！中秋节快乐！,2
秋意撩人，愿在初秋的夜晚你我共享，皓月当空，思意正浓！祝中秋快乐，记得留块月饼给我呦！,2
月饼节到了！嘘，别吱声，对着屏幕乐一下，再乐一下。呵呵，我看到了！好了！愿你快乐！,2
玉兔，嫦娥，桂树；美白，漂亮，芳馥。明月，清风，十五；相思，团圆，遥祝。,2
在这浓浓的节日气氛里，亲爱的我那什么送给你才能表达我对你的一片心意呢？就将我的心比做明月送给你！！,2
许一个美好的心愿，祝你快乐连连，送一份美妙的感觉，祝你万事圆圆，传一份短短的祝福，祝你微笑甜甜。中秋节快乐！,2
你是月饼我是馅，缠缠绵绵总见面；你是风筝我是线，追追逐逐把你牵；你是明月我是泉，美美满满一万年！,2
思念是一季的花香，漫过山谷，笼罩你我；而祝福是无边的关注，溢出眼睛，直到心底。中秋快乐。,2
清风带去我的祝福，明月捎走我的问候，送你一丝风儿，赠你一缕月儿，风月无边，人间有情，中秋快乐！,2
秋江潮水连海平，海上明月共潮生，花好月圆人团聚，祝福声声伴你行。祝你中秋愉快,2
心到想到得到，看到闻到吃到，福到运到财到，中秋节还没到，但愿我的祝福是第一个到，提前祝你中秋节快乐！,2
明月几时有，把饼问青天，不知饼中馅，竟然比蜜甜，我欲飞去看你，有恐技术不够，高处有危险，只好用祝福，寄出我祝愿：中秋快乐团圆。,2
在这团圆的日子里，愿快乐走向你，好运靠近你，幸福陪着你，事业伴着你，爱情追逐你，成功等着你，钞票寻找你，我要祝福你：身体健康，节日快乐。,2
值此中秋佳节来临之际，广寒宫集团嫦娥率全体员工发来贺电，祝你：快乐如玉兔般无忧，幸福如吴刚般执着，健康如月桂般丰硕。中秋快乐！,2
广寒宫里嫦娥在翩翩起舞，桂花树旁玉兔在柔情漫步，花灯影下祝福在描绘蓝图，祈祷中秋笑容为你入驻，幸福团圆人人羡慕。预祝快乐中秋，好运永久！,2
中秋节心到，想到，闻到，吃到，福到，运到，财到，中秋节还没到，但愿我的祝福第一个到。提前祝你中秋节快乐！天天好心情！,2
一杯香浓的美酒凝聚着浓浓的情感，一块甜甜的月饼蕴藏着甜甜的祝愿，一轮圆圆的明月寄托着圆圆的希望。中秋节到了，愿你合家团圆，幸福平安！,2
明月今夜有，皎洁悬中天，遍邀亲朋佳友，把酒话团圆。同赏中秋美景，共叙相思离别，浓情未变淡。浅尝团圆饼，欢笑宴席间。虽有聚少离多，难把亲情阻隔，人定能胜天。但愿长相守，千里心相连！,2
中秋一轮圆月升，嫦娥起舞弄清影，菊花香从秋夜来，对酒当歌赏美景。家人团聚话别情，一律相思月明中，团圆佳节人欢聚，共享快乐食月饼。中秋佳节，愿家家团圆，户户平安！,2
中秋佳节临，全国喜盈盈。大街和小巷，人人笑不停。家家庆团圆，举杯祝福诚。月饼甜如蜜，心中如蜜甜。但愿人长久，千里共婵娟。祝中秋快乐！,2
圆圆的月亮，圆圆的日子，圆圆的心愿，圆圆的祝愿，中秋到来，兴旺开来，借中秋的圆月祝你何家团圆、幸福长远，美梦长圆，左右逢源，谢谢你对公司的支持和厚爱。,2
我让手机里的祝福都排好队，想选一条最好的发给你，可挑来挑去没有一条满意的。只好自己编辑，写下最真诚的话语：中秋快乐！,2
月到中秋分外明，问候祝福传九州。花好月圆人喜庆，温馨康泰暖万家。一条祝福虽平淡，化作月饼寄遥思。父母亲朋皆幸福，读着祝福守甜蜜。,2
玲珑的明月在在众多优美传说的浸染下，变得让人心驰神往。圆圆的月饼在在国人的殷殷期盼中，承载着人们多少团聚的渴望。中秋让人魂牵梦绕，让人心思缠绵。愿美好的时节，团团圆圆，幸幸福福。,2
以真诚为半径，用尊重为圆心，送您一个中秋圆圆的祝福愿爱您的人更爱您，您爱的人更懂您！好事圆圆！好梦连连！预祝中秋快乐，月圆人更圆！,2
嫦娥：把月光洒在你身上，让你美丽无比；祝福：把祝福送到你枕边，让你快乐无限；我：祝你中秋快乐，好事圆圆好梦连连。,2
最美丽的花，是绽放的笑脸；最赏心的月，是中秋庆团圆；最动人的情，是盈盈的缱绻；最醉人的酒，是真诚的祝愿。中秋佳节，祝你合家团聚，幸福无边！,2
想念你的甜蜜，回味你的香味，撕开你的外套，露出你的美妙，控制我的心跳，压抑内心狂躁，看着实在想要，不得不对你说：中秋节月饼真诱人，祝你快乐！,2
思念她肌肤清香，怀念她骨肉香甜，闻一下她的味道，已让我心动狂乱，中秋到来，愿撕开她的青衫，和你一起分享，香甜的月饼，给你节日的芳香。,2
明月九霄挂，清风八方来。四季悄声过，一年明镜台。中秋幸福日，八月团圆牌。举杯邀明月，低头乐开怀。祝福随风至，好运踏月来。,2
千言万语，无从说起，世界美好，全送给你，每天的晨曦为你祈祷，每日的晚霞祝你平安，每一丝欢乐与你有缘，每一份健康伴你到永远！中秋节快乐！,2
中秋未到，礼物先到：送你一盒什锦月饼，祝你前程似锦；再送你一盒莲蓉月饼，祝你一家心连心，乐融融；还送一盒七星伴月，全家团聚齐赏月！,2
吉星，送你吉祥福禄寿；化为流星，助你实现愿望；化为红星，把你照耀；化为行星，将你围绕；化为恒星，陪你到老！如果收到，这个中秋你最闪耀！,2
中秋到：心到想到得到，看到闻到吃到，福到运到财到，中秋节还没到，但愿我的祝福是第一个到，提前祝你中秋节快乐！,2
丢掉曾有的忧伤，拨开迷雾的彷徨，忘记困扰的纠结，和郁闷道声离别，中秋来临的晚上，展现新的希望，绽放特有的辉煌，释放快乐的能量！中秋快乐！,2
月饼邮寄程序：将爱情、亲情、友情放入一个月亮形状的空间，搅进甜蜜，添点浪漫，放入快乐购物小车，用真心网上支付，附带中秋祝福，请用微笑签收！,2
放眼中华，百业千姿竟发。兴目九州，“四化”万马奔腾。神州大地繁花似锦，祖国长空乐曲如潮，在这美好的日子里。让我们举杯仰天遥祝，月圆人圆！,2
365个轮回，今年最圆的一轮明月挂在天上，也挂在每个异乡游子的心上。月亮代表我的心，月光所在，真情即在，愿共同遥望的那一轮明月，带给你好运和平安。中秋快乐！,2
中秋节，温馨夜，嫦娥翩翩飞奔月；花飘香，酒正烈，其乐融融心喜悦；眉头展，笑容绽，幸福美好常相伴；祝福一条祝福传，愿你快乐到永远！,2
明月洒光，洒出人间无限浪漫；桂花飘香，飘出大地五彩缤纷；月饼圆圆，圆出家人欢声笑语；祝福祝福，祝你中秋快乐！永远平安！,2
我拿嫦娥的丝线，刺绣在月亮上面，秀出一对锦鲤，愿你年年有余，秀出一朵牡丹，愿你富贵连连，秀出一条中国龙，愿你今年中秋佳节美梦能圆，好运不断。,2
一日思，一夜盼，思盼中秋月儿圆；一百年，一千年，百千年来传统延；一句诗，一首词，诗词祝兴云追月；一个家，一门户，家家户户贺团圆！祝中秋节快乐！,2
我十分诚心，九分真心，八分爱心，七分舒心，六分适心，五分开心，四分小心，三分用心，二分童心，一分尽心做个月饼送给你，祝中秋节快乐！,2
让我送上香甜的月饼，连同一颗祝福的心！成为第一个祝愿你的人！明月本无价，高山皆有情，愿你的生活就像那十五的月亮一样，圆圆满满！明明亮亮！,2
一年又至中秋日，皎皎明月正当时；每逢佳节思更切，万千思绪化云去；年年岁岁花相似，岁岁年年总相宜；寄上祝福表相思，情到深处你最知；愿你家和万事兴，幸福绵绵无尽时。中秋快乐！,2
月饼邮寄程序：将爱情、亲情、友情放入一个月亮形状的空间，搅进甜蜜，添点浪漫，放入快乐购物小车，用真心网上支付，附带中秋祝福，请用微笑签收！,2
月圆夜，心思念，繁星月下话情缘；中秋至，祝福到，好运连连围你绕；转朱阁，低绮户，福星高照吉祥到；月儿圆，月饼圆，合家欢聚共团圆。,2
明月今宵有，月下喝小酒。家人小团聚，未忘老朋友。电话一声吼，祝福到门口：烦恼都赶走，快乐天天有。财源滚滚来，幸福招招手。中秋欢乐过，一生都不错。,2
月圆人圆，祝你合家团圆。月圆梦圆，祝你心愿能圆。月圆财源，祝你滚滚财源。月圆心圆，祝你人生如愿。中秋节快乐！,2
八月十五月正圆，中秋月饼香又甜。钢筋水泥丛林中，人与月亮已疏远，生活压力快节奏，生活理念变变变，今有心情赏明月，其乐融融情绵绵。祝中秋快乐！合家团圆！,2
佳节到，明月照，合家欢，开心笑，送祝福，福先到，幸福陪，福星绕，送祝愿，身体健，安康保，送宝到，财源滚，万利往，送真心，诚意随，牵挂到，中秋节，美梦连，顺心意，如所愿！祝福你，到永久！,2
月是中秋分外明，我用祝福传真情；相思包着财运到，幸福裹着福运跑；浪漫甜蜜融其中，天天相伴好心情；借问月饼知多少？祝福一条不能少。,2
中秋节，月儿圆，许个心愿圆又圆：日圆，月圆，团团圆圆；官源，财源，左右逢源；人缘，福源，源源不断；情愿，心愿，愿愿随心愿；真诚地祝愿你，圆愿遂愿，中秋快乐！,2
漂洗心中的思念，沉淀美好的祝愿，遥对九天的月圆，祈愿生活的美满，分享月饼的香甜，昭示工作的顺心，奉送祝福的心愿，祝愿开心到永远，中秋快乐。,2
圆月挂在天上，温馨照在地上，真诚寄在祝福上，感情放在心上，祝福写在手机上，吉祥围绕你身上，好运缠在你脚上，幸福飘在你头上。中秋祝你永向上！,2
中秋节，温馨夜，嫦娥翩翩飞奔月；花飘香，酒正烈，其乐融融心喜悦；眉头展，笑容绽，幸福美好常相伴；祝福一条祝福传，愿你快乐到永远！,2
中秋之夜月更圆，举杯共饮庆团圆。月饼圆圆甜又甜，合家团聚笑开颜。月中嫦娥望人间，应悔当年偷仙丹。中秋节到了，愿你开心无限，幸福美满！,2
月儿透窗洒祥瑞，花香酒醇情韵长；相约桂花嗅余香，意迷情迷人更迷；中秋佳节笑开颜，赏花赏月享团圆；花好月圆福无疆，合家团聚喜洋洋。中秋快乐！,2
月儿高照耀吉祥，月满人圆日子甜。月圆家圆共团圆，月饼甜美齐乐融。齐围圆桌品秋果，挥杯敬酒庆中秋。欢声笑语家和美，如意安康幸福伴。祝你中秋家圆万事兴！,2
春有百花，秋望月！夏有凉风，冬听雪！心中若无烦恼事，便是人生好时节，愿你晨有清逸暮有悠闲，梦随心动心随梦求，祝中秋节愉快！,2
别拿月饼不当干粮，咬一口富贵吉祥；别拿月亮不当美景，赏一眼金玉满堂；别拿祝福不当回事，读一读情谊绵长；中秋佳节到，祝您合家团圆，幸福万年长！,2
不知不觉又一个中秋佳节来临，祝您心里想着月饼，口里吃着月饼，脸儿乐得像月饼，甜甜蜜蜜赛月饼，愿我们的祝福伴着您渡过一个快乐的中秋节！,2
中秋佳节倍添喜，锣鼓喧天问候你，烟花绚烂照亮你，月饼香香迷住你，明月温柔爱给你，福福无限缠着你，惊喜连连笑纳你。中秋节快乐！,2
佳节倍思亲，圆圆是我心；明月本无价，高山皆有情；花好人团聚，祝福伴你行。愿你的生活就像这十五的月亮一样，圆圆满满！中秋节快乐！,2
中秋就到，送你“双黄”月饼，愿你工作、生活双辉煌；送你“莲蓉”月饼，愿你好运连连多笑容；送你“五仁”月饼，愿你五福临门人欢乐。预祝中秋快乐！,2
最近老是心律失常，半夜醒来汗流如浆，没事就去翻翻日历，心里紧张得早已变样。谁想跟我抢占中秋祝福的沙发？哼，想都别想！预祝中秋快乐，喜气洋洋！,2
月饼代表我的情，月亮代表我的心，送你月饼，让你明白我的真情，陪你赏月，让你明白我的心意，中秋佳节，祝你阖家团圆，快快乐乐！,2
一轮圆月寄托着万千思念之情，一块月饼凝聚着融融的团圆气息，浓浓桂花散发着不变的牵挂芬芳，一条祝福传递了温馨的祝福绵绵。愿你中秋快乐。,2
一轮圆月挂中天，满屋喜庆享团圆，几许温情绕杯盏，满腹知心托婵娟，但愿人长久，月圆心相牵。中秋佳节，祝福合家美满，万事如意。,2
圆圆月亮挂天边，幸福喜悦挂脸边，月饼放到嘴里边，甜蜜快乐放心边，中秋祝福祝福编，愿你幸福乐无边，如意美满绕身边。中秋节愿你合家欢乐，好运连篇。,2
愿风带给你轻柔的思念，愿云托给你心中甜蜜的祝福，送一个圆圆的饼，献一颗圆圆的心，寄一份圆圆的情，一个圆圆的梦。中秋节快乐！,2
长长的距离连着长长的线，长长的线儿连着长长的思念，长长的思念连着长长的岁月，长长的岁月连着对你的惦念。中秋佳节，花好月圆，祝你开心无限！,2
中秋节到，我在嫦娥那里求到一条祝福，本祝福不简单，可以保佑你和你的家人一生健康，一世平安，一辈子幸福，我现在发给你，请保存好。祝中秋快乐！,2
送你一盒特制月饼，用关怀和面，擀思念为皮，以真情为馅，再以祝福打包送上，打开手机就可接收！虚拟的世界，只能画饼充饥，唯此情不虚也！,2
中秋来临，送上秘制月饼，快乐做皮，幸福做馅，传说只要吃下去的人将会得到神的眷顾，永远开心和幸福，所以我将它送你，因为我希望你开心、幸福！,2
送块月饼给你，因为好吃，我做的。中秋了，月圆了，是祝福的时候了，愿你永远幸福，没有烦恼，永远快乐，天使没有你纯洁，花儿没有你灿烂。,2
丰收这幸福做陷，聚集这快乐做皮，取这天上的月亮为模型，为你做这世界上最为圆满的月饼，希望你中秋佳节人月两团圆，中秋节快乐。,2
中秋本是团圆日，却有异客他乡行，千里婵娟寄相思，点点星光照真情，祝福送福提前至，细语牵挂暖游子，幸福天涯共此时，愿你快乐永不止！,2
景是中秋美，月是故乡明！把酒庆佳节，合家笑盈盈！年年花相似，岁岁人更兴！三言又两语，字字总关情！问候传喜讯，中秋节快乐！,2
许一个心愿，祝你快乐平安；送一份真情，愿你吉祥如意；发一条祝福，告你中秋来临；写一段文字，我们彼此珍藏。中秋佳节，共享团圆。,2
中秋佳节月圆夜，月下为你发祝愿：一愿你美梦如月圆，二愿你生活更比月饼甜，三愿你事业花开比秋菊艳，四愿你姻缘美满家庭幸福赛神仙！,2
丰收这幸福做陷，聚集这快乐做皮，取这天上的月亮为模型，为你做这世界上最为圆满的月饼，希望你中秋佳节人月两团圆，中秋节快乐。,2
中秋送你一堆“秋”，开心快乐乐悠悠：吉祥如意各有千“秋”，成功顺利万代千“秋”，幸福生活岁岁春“秋”，永远没有多事之“秋”。中秋快乐！,2
中秋将至，十分钱的祝福太小气，我送你五元的一是月圆不花钱，二是人圆没时限，三是梦圆万事顺，四是情缘比蜜甜，五是圆了你心愿健康开心到永远！,2
秋风弄影，明月窥人，嫦娥起舞，玉兔传情，吴刚赠酒，桂香同行，好运降临，快乐不停，一路风景，人生路平，健康有形，幸福频频，合家团圆，心想事成，中秋喜庆，佳节同庆，真心实意，愿君开心。,2
玉宇无尘，银河泻影，月色横空，花荫满径，中秋的夜晚格外温馨，空气弥漫着甜蜜，光华浸透着祝福，中秋佳节，真诚祝愿您合家团圆，前途顺利！,2
月圆月明月映天，月光月景月下观，月落月起月轮回，月隐月现月妩媚，月冷月寒月陪伴，月缺月残月在天，月到中秋月更圆，合家团圆赏月艳，祝中秋快乐！,2
分分喜悦无忧，刻刻高兴欢喜，时时活泼开朗，日日蒸蒸日上，月月事事顺心，年年吉祥如意！金秋佳节，祝您人圆家圆，业顺事兴！,2
圆圆的月儿诉相思，甜甜的月饼裹幸福，浓浓的美酒郁喜庆，条条的祝福送祝福，中秋佳节，愿你合家欢乐，幸福美满，中秋愉快！,2
一轮圆月寄托着万千思念之情，一块月饼凝聚着融融的团圆气息，浓浓桂花散发着不变的牵挂芬芳，一条祝福传递了温馨的祝福绵绵。愿你中秋快乐。,2
月亮是诗，繁星是画，愿所有的幸福伴随你，问候是春，关心是夏，愿所有的朋友真心待你，温柔是秋，浪漫是冬，愿所有快乐跟随你。祝中秋节快乐！,2
月圆圆月团圆夜，团圆夜里望月圆，月圆夜圆月圆圆，夜圆月圆夜团圆，中秋来临送祝愿，愿你福气满家园，事圆人团圆，梦圆圆梦梦儿圆！中秋快乐！,2
月儿高高，思念心情给你捎，开口笑笑，好彩好运一起到，心儿跳跳，迎得福气来拥抱，日子好好，幸福生活抱你腰，中秋佳节，祝愿工作事业步步高。,2
八月十五中秋到，合家开怀乐淘陶。桂花吐蕊芬芳笑，一片浓情心头绕。明月圆圆挂树梢，思念融融来相照。圆圆月饼盘中放，沐浴清辉分外相。中秋节到了，愿你快乐。,2
中秋明月圆又圆，照遍九州庆团圆。家家户户笑开颜，团团圆圆坐桌前。吃一口月饼品一口酒，幸福的滋味润心田。只愿人间无离散，不用千里共婵娟。祝中秋快乐无限！,2
我有一块月饼，不知与谁能共。多少秘密在其中，送饼之人能懂。饼外情深义重，饼内目的重重。迎来送往惧无踪，徒留一帘幽梦！祝中秋节快乐！,2
知道吗，食用月饼简称月食，打开包装叫初窥，边上咬一口叫月偏食，中间啃个洞叫月环食，一下子吃完叫月全食，没吃完就叫食剩。哈哈，预祝中秋快乐！,2
十五月儿格外明，人到中秋思念浓；桂花飘香九州欢，清辉脉脉问候行；遥寄祝福到你家，祝君坦途通仙境；快乐相伴事如意，阖家欢乐人团圆。祝中秋快乐！,2
圆圆的明月当空悬，圆圆的月饼味香甜，圆圆的心儿满思念，圆圆的梦想总会圆。中秋佳节庆团圆，祝你健康快乐笑开颜，吉祥如意一年年，家庭事业都兴旺，花开红艳福无边。,2
中秋节到，祝福也来到，祝你好运天天罩，麻烦不来找，幸福来关照，挫折往边靠，喜庆锣鼓敲，喜报把你抱，祝福一发到，你永远成为快乐佬。,2
看那燃放的焰火，美丽而热烈，因为它里面包含了我浓浓的思念；看月儿圆圆，幸福而美满，月光里掺杂着好运绵延。在这团圆的日子里，愿你与家人过个幸福的团圆节，祝你从此步步高升，万事皆圆满。,2
圆圆的月儿天上挂，圆圆的月饼香天涯，圆圆的快乐美如花，圆圆的祝福到你家：美满日子玉润珠圆，幸福生活花好月圆，合家吉祥永团圆。,2
一轮月盈，满腔情浓；一秋思，双眸朦胧；一盒月饼，团圆家中；一同赏月，其乐融融；一条消息，表我初衷。祝中秋节快乐。,2
圆月亮照着圆餐桌，圆餐桌放着圆盘子，圆盘子里放着圆月饼，圆月饼圆着圆圆的梦，圆圆的梦想就要圆满的实现。祝中秋节快乐！,2
繁忙的时光不会停歇，而我们总会需要时间放松自己，借中秋佳节来临之际，祝您节日快乐，更希望您以后的生活事业更加顺心如意！,2
中秋到，我将“人圆泰山”从美满喜庆森林中找出来，祝你幸福快乐：“人”儿长相聚，“圆”月分外明，“泰”然好心情，“山”水逍遥行。愿你与财富结“圆”，和好运有“圆”，平安健康“圆圆”不断。,2
桂花香，明月满，生活甜蜜又美满；嫦娥舞，玉兔跳，好运平安来报道；问候来，祝福送，愿你事事都顺畅；佳节到，闹中秋，祝你阖家团圆乐悠悠。中秋快乐！,2
八月中秋月儿圆，合家团聚乐无边。瓜果丰硕来奉献，玉米青豆逐笑颜。高歌一曲全家福，曼舞两步双人欢。美酒烛光趣盎然，祝福寄情祝平安。,2
我大名钟秋洁，小名团圆。性格似月光般皎洁，心地良善。最欣赏的美女是嫦娥，最喜欢的宠物是玉兔。最快乐的人将会与我约会，记得带上信物月饼哦！,2
您歪才高八斗，浅见盖九州，好闲又游手，事业却上游，包里无钱币，支票成捆搂，身体不锻炼，一脚踢死牛，幸福不太长，只是到永久。祝你中秋节快乐！,2
中秋翩然将至，祝福祝福连日，请君细细品读，字字饱含祝福：工作忙碌，身体是柱，酒宴少去，健康不易，抽烟要少，身体不倒，开车小心，看好路灯。再次真诚的祝您：身体健康，万事如意！,2
月亮是诗，繁星是画，愿所有的幸福伴随你，问候是春，关心是夏，愿所有的朋友真心待你，温柔是秋，浪漫是冬，愿所有快乐跟随你。祝中秋节快乐！,2
秋月一轮当空照，全家围坐笑开颜，开门喜迎福禄寿，端杯共举吉星高，祝福祝福接连到，条条真诚又灵验，祝中秋快乐！,2
中秋之日，喜鹊飞进你喜气的门，百灵唱给你美好的词，众仙捧月一起下凡尘，祥云普照你们幸福的一家人，神光流动万般风韵。祝中秋快乐，众神临门。,2
中秋节要到，祝福该送了，你有才气有相貌，热情热心脾气好，在我心中地位高，想来想去，美好祝愿先送你最好：预祝你事圆情圆人团圆，中秋佳节乐逍遥！,2
中秋节，送上一个月饼，配料：五克快乐枣，一把关心米，三钱友情水，用幽默扎捆，用手机送达；保质期：永久；保存方法：请按存储键。,2
月儿圆，家人圆，合家幸福庆团圆；梦儿圆，事业圆，钞票滚滚钱包圆；饼儿圆，馅儿甜，甜甜蜜蜜爱情圆；人脉缘，友情缘，道路平安前途圆；问候圆，祝福圆，祝福送来好运圆；祝中秋快乐！合家幸福！,2
转眼将到中秋节，好运幸运装满车，烦恼如烟远飘走，一切顺利心欢悦，工作轻松有效率，钞票金条一箩箩。事业家庭都圆满，这个中秋你最乐！,2
昨晚我夜观星象，算出你中秋节过后运程大佳：好运跟踪你，幸福灌晕你，快乐降临你，爱情偷袭你，最重要是财神爷都粘着你哦！愿中秋开心！,2
中秋节到了，将月亮的圆送给你，愿你财‘圆’滚滚，将月亮的光茫送给你，愿你前途一片‘光’明，将月亮的吉祥送给你，愿你一生大富大贵。,2
送你一盒特制月饼，用关怀和面，擀思念为皮，以真情为馅，再以祝福打包送上，打开手机就可接收！虚拟的世界，只能画饼充饥，唯此情不虚也！,2
春夏秋冬四季天，人生几时得空闲；月到中秋亮又圆，放松自己许个愿；幸福生活多美梦，愿你美梦总香甜；半醉半醒似神仙，开开心心每一天！,2
天上月圆，人间团圆，家庭情圆，朋友事圆，心中梦圆，左右逢圆；愿你每一天中，人缘，情缘，福缘，财源，缘缘不断，事事如愿！祝中秋节快乐！,2
品一品月饼，快乐满心怀，尝一尝百果，如意在心间，喝一喝美酒，幸福灌心田，送一送祝福，舒心满心房，中秋节，愿你合家团圆，幸福美满，中秋快乐！,2
祝你：心到想到得到，福到运到财到，中秋节还没到，但愿我的祝福第一个到。提前祝你中秋节快乐！其他祝福祝福都是我安排的！,2
桂花清清爽爽迎中秋，月亮团团圆圆耀中秋，月饼香香甜甜庆中秋，桔柑开开心心献中秋，电视沸沸扬扬闹中秋，全家和和美美度中秋，你我欢欢喜喜祝中秋：节日快乐！,2
为什么月亮这么圆，因为我对你的思念不会减；为什么月饼这么甜，因为我对你的祝福不间断。今天是中秋节，祝你节日快乐，好运连连！,2
团圆佳节在中秋，劝君更尽一杯酒，劲头十足康乐久，喜气冲天事业久，郎才女貌爱情久，清风明月好运久，顺心如意幸福久，还有我这真心实意的祝福久！,2
中秋送月饼要收税，但咱们合作那么长时间，感情这么深，不送怎么行呢，所以，我已经用真诚做好了皮儿，用祝福调好了馅儿，随祝福发给你，祝中秋团圆、事业登高！,2
一轮圆月寄托着万千思念之情，一块月饼凝聚着融融的团圆气息，浓浓桂花散发着不变的牵挂芬芳，一条祝福传递了温馨的祝福绵绵。愿你中秋快乐。,2
中秋节到，我在嫦娥那里求到一条祝福，本祝福不简单，可以保佑你和你的家人一生健康，一世平安，一辈子幸福，我现在发给你，请保存好。祝中秋快乐！,2
月很圆，花更香，保重身体要健康；雨在游，鸟在叫，愿你天天哈哈笑；手中书，杯中酒，祝你好运天天有！欢乐多忧愁少，祝你中秋节快乐！,2
打开你的电脑，复制你的快乐，粘贴我的祝福，删除你的烦恼，储存我的问候，保存你的幸福，愿你中秋节快乐！,2
中秋快乐莫等待，请你来把字谜猜。才子成功离开财，凭口一张地位来，画个框框里面待，幸福美满笑开怀。不妨望月将头抬，答案自然心中来。祝中秋快乐！,2
桂香飘摇月呈圆，秋菊献媚开满园，浪子不惧路途远，千里迢迢赴团圆，升学升职完心愿，全家老小美梦圆，生意赢得百万元，庆祝酒香溢宅院。中秋佳节万物圆，祝君一生事事圆，幸福好运到永远。,2
金风爽，云飘扬，月饼香，品琼浆，月色赏，秋月朗，杯盏撞，情满腔，佳节旺，团圆畅，祝福淌，幸福扬。中秋快乐。,2
中秋之夜，月圆似镜，在月下用双手把月饼高高擎起，让柔柔的月与我同食，让她把月饼的香甜带给你，把浓浓的思恋带给你。祝你节日快乐！天天快乐！,2
圣旨到！奉天承运，皇帝诏曰：中秋已至，特赐祝福一条。内有平安一生，快乐一世，幸福一辈子，还有话费一毛。钦此！,2
知道今晚的月亮为何这样圆吗，那是因为我在里面注入了几分相思，一些祝福和些许心愿，中秋节到了，将这些祝福送你，愿你中秋快乐，把这心愿送你，望你合家欢乐，日子甜甜。,2
一轮明月思悠悠，两地月光似水流，三生有幸做朋友，四季轮回到中秋，五福临门来送喜，六六大顺伴永久，七星伴月人欢乐，八仙桌上敬美酒。预祝中秋快乐。,2
夜风伴柳天边舞，举杯换盏明月下，不知他乡好儿郎，今夕在何处？一丝牵挂，一缕相思，何时休？月儿圆圆照你我，虽在他乡亦团圆，中秋节到了，愿你永远开心快乐，事业有成。,2
据说中秋节这天全国被吃掉的月饼直径加起来可以绕地球一圈，趁大家还在努力地绕圈圈，我为你制作一个拥有幸福快乐的馅料，特大号的月饼，愿你为我们的绕地球工作贡献更多。中秋快乐哦！,2
平时的繁忙，不代表遗忘；中秋节的到来，愿您心情荡漾，曾欠下的问候，这次一起补偿；所有的关心；都凝聚于这条祝福之上。祝您中秋快乐！,2
我在窗边望月，明月皎洁如镜，明镜倒映我心，倾泻无边思念，但愿皎皎明月，寄我最真思念，奉上最美祝愿，中秋快乐团圆！,2
听到，想到，心到，我的祝福祝福到；说到，做到，得到，我的真诚问候到。你的手机一声叫，那是我的思念到，愿你：中秋佳节快乐到，合家欢聚哈哈笑。,2
一年一度的中秋节到了，望着窗外一轮满月，把一个美好祝福送给你，用我心中一腔思念之情，做成一个爱的月饼，借着美丽的月色送到你身边，祝中秋快乐。,2
星光灿灿月儿圆，八月十五中秋来；张灯结彩庆佳节，欢天喜地大团圆；团团围坐乐融融，推杯换盏展笑颜；欢聚一堂是福分，乐享盛世度中秋；送份祝福传情谊，点点心意在其间。祝中秋快乐，心情舒畅！,2
海上生明月，天涯共此时。供桌庭院中，祭月共举杯。团圆喜笑颜，赏月食甜饼。月圆人也圆，酒香花儿艳。中秋节祝朋友，家圆人圆事事圆，甜甜蜜蜜幸福园。,2
中秋将至，星星告诉我，送你关怀，让你吉星高照；月亮告诉我，送你问候，让你人月团圆；我的心告诉我，送你祝福，愿你与你的家人共享天伦之乐！,2
水盼团圆汇聚成海，石盼团圆高耸成山，月盼团圆辉映人间。水说海枯心不变，石说山崩情依恋，月说寄情我承担，我说中秋盼团圆！预祝中秋快乐！,2
中秋之夜，赏月光皎洁灿烂；中秋之灯，红红火火最璀璨；中秋之酒，快乐温暖甜心头；中秋之愿，团团圆圆最美满。祝中秋合家团圆，幸福平安总相伴！,2
许一个美好的愿望愿你生活快乐幸福，品一份美妙的感觉愿你心想事成，真诚的问候愿你的笑容永远甜甜蜜蜜，来自心底的祝福祝你事事如意，中秋节快乐！,2
圆圆的月儿分外明，远远的思念情更浓，圆圆的月饼倍儿香甜，远远的祝愿到眼前：愿你幸福温馨人团圆，春风得意事业圆，浪漫甜蜜爱情圆，心想事成好梦圆。中秋快乐！,2
以真诚为半径，用尊重为圆心，送您一个中秋圆圆的祝福愿：爱您的人更爱您，您爱的人更懂您好事圆圆好梦连连预祝中秋快乐，月圆人更圆,2
十五月亮圆又圆，打制的月饼甜又甜，嫦娥仙女来做馅，玉兔宝宝忙做皮，月洒银辉做封面，星解点点做提绳。中秋到了，祝开心快乐,2
心到想到得到，看到闻到吃到，福到运到财到，中秋节还没到，但愿我的祝福是第一个到，提前祝你中秋节快乐,2
千里试问平安否且把思念遥相寄。绵绵爱意与关怀，浓浓情意与祝福，中秋快乐,2
月到中秋分外明，月色明媚秋色新，花好月圆风入梦，人月双圆总关情。中秋佳节到了，祝你“月”来越幸福，“月”来越甜蜜，“月”来越健康,2
中秋到了，送你一个月饼。第一层：关心！第二层：体贴！第三层：浪漫！第四层：温馨！中间夹层：甜蜜！祝你天天都有一个好心情！永远开心！,2
中秋到了，月儿圆了，一群猴子捞月去；一会从下往上捞，一会从上往下捞；一只小猴在偷懒，拿着手机看祝福。中秋节快乐！,2
中秋月，故乡圆。团圆夜，心相连。明月明，思念彩。团圆节，望月圆。中秋节，祝福满。祝愿你，合家欢，百事乐，生活美，比蜜甜！,2
中秋月，人人奔团圆，常回家看看，回家看看！生活不容易就图个团团圆圆，日子总操心就盼个平平安安。祝中秋佳节合家团圆，万事如意！,2
中秋月，圆如饼，在如水的月色下，举杯邀明月，把饼问青天，是何等的惬意！当你咬下月饼一角，你还会看到千年难遇的天文奇观：天狗食月饼！,2
中秋月饼香，祝福要成双。安康福运送，收到就珍藏。顺心如意送，珍藏就吉祥。中秋节快到了，愿你的生活甜甜美美，事业顺顺利利，家人团团圆圆！,2
中秋月饼圆又圆，祝福祝福送心间；中秋月饼香又香，幸福生活没有完；中秋月饼甜又甜，愿你开心每一天！提前预祝中秋节快乐！,2
中秋的祝福是一份真心意，不用千言，不用万语。一条小小的祝福，带着我心中的思念，遥寄这份祝福给你：中秋快乐！,2
中秋祝福：收到的工作顺利，阅读的如愿以偿，储存的共赏婵娟，转发的幸福快乐，群发的佳缘美满，删除的依然幸运，关机的人月团圆。,2
中秋国庆紧相连，阖家欢乐庆团圆。明月当空似玉盘，桂花飘香夜风凉。庭院围坐话语长，秋虫寂静已入眠。温馨甜美入梦乡，平安健康心祈盼。中秋快乐！,2
中秋国庆双双庆，在这个特别、美好、难忘的日子里，让我们所有的华夏子孙共祝愿祖国盛！家团圆！人幸福！国庆节中秋节双庆祝福祝福，让你一发两祝福！,2
中秋月儿圆，亲朋好友大团圆。中秋心儿圆，阖家欢乐人团圆。中秋梦儿圆，愿愿随心心愿圆。中秋事儿圆，心想事成圆圆圆！中秋节，送你祝福的同心圆！,2
中秋月儿圆圆，故乡远在天边，亲人梦绕魂牵，爱人关爱绵绵，朋友情谊万千，祝愿此情此景，心底温暖无限！祝中秋节快乐！,2
中秋月明寄遥思，字字句句写真情。中秋祝福斥资千万情感，全新2018耀世升级，中秋节千万级祝福问候倾情奉献，诚邀阁下细心品鉴：中秋快乐。,2
中秋月圆之夜，我双手为你送上月饼一个，先让你闻一下月饼的香气，挑起你的食欲，让你流口水，然后我我就把月饼吃了！哈哈，开个玩笑，中秋快乐！,2
中秋本是团圆日，却有异客他乡行，千里婵娟寄相思，点点星光照真情，祝福送福提前至，细语牵挂暖游子，幸福天涯共此时，愿你快乐永不止！,2
中秋必吃月饼，祝福提前派送。在铺天盖地的祝福到来之前，我以姚明的高度，罗伯斯的速度，杜丽的精准度，向你郑重宣布：中秋快乐，永远幸福。,2
中秋不送礼，发条祝福祝福你，健康快乐常伴你，好运和你不分离，还有让我告诉你，财神已经跟随你。祝中秋节快乐！,2
中秋不送礼，月饼送给你。送你豆沙月饼愿你爱情甜如蜜；送你芝麻月饼愿你事业节节高；送你莲蓉月饼愿你生活更精彩！,2
中秋到，送你一盒月饼，祝你一生“饼”安富贵，道路一马“饼”川，仕途“饼”步青云，家庭歌舞升“饼”，友谊“饼”淡中见真情！祝中秋快乐！,2
中秋到，圆月照，喜上梢，祝福耀，没烦恼，兴致高，健康绕，忧愁逃，常欢笑，容颜俏，好运交，多赚钞，吉祥罩，幸福抱。中秋快乐！,2
中秋在眼前，思念碧波潋，好友心相连，祝福提前传：美梦如月圆，事事随心愿；生活似月饼，甜蜜润心田；快乐恰月桂，香飘脑海间。预祝中秋快乐！,2
中秋之际，我谨代表宇宙共和国、外太空省、银河市、太阳镇、地球村和嫦娥、玉兔、月老等知名人士，向你并通过你向你的家人、朋友致以最诚挚的问候！,2
中秋之夜，快递员嫦娥会送你一个我亲手做的电子月饼，它饱含思念，裹着真情，低碳环保，不含添加剂。中秋快乐！,2
中秋之夜我在月宫宴请客人，为大家准备丰盛的晚餐：清蒸浪漫，红烧祝福，水煮团圆，油炸快乐糕，真诚温馨汤，十分开心果，温暖幸福酒。敬请光临。,2
中秋至，送上祝愿，一送月圆不用花钱，二送人圆没有时限，三送梦圆努力实现，四送佳缘幸福美满，五送我心愿，祝你天天开心无极限。,2
中秋到，月儿圆，许个心愿圆又圆；日圆，月圆，团团圆圆；官源，财源，左右逢源；人源，福源，源源不断；情源，心源，愿源随心愿。中秋节快乐！,2
中秋到，月很圆，花更香，保重身体要健康；鱼在游，鸟在叫，愿你天天哈哈笑；手中书，杯中酒，祝你好运天天有！欢乐多，忧愁少，预祝中秋节快乐！,2
中秋到来月儿圆，再瞧盘中月饼圆，合家聚会家团圆，吃吃喝喝肚儿圆，祝福送到美梦圆，愿你天天挣大钱，马上就能钱包圆，祝中秋快乐，万事圆满！,2
中秋到了，不要迷恋哥，哥只是传说；不要迷恋姐，姐已经变成嫦娥；不要迷恋月饼，月饼只是个包装盒；迷恋我的祝福吧，能带给你节日的快乐！,2
中秋至百花香，一条消息带六香，一香送你摇钱树，二香送你贵人扶，三香送你，工作好，四香送你没烦恼，五香送你钱满箱，六香送你永安康，中秋节快乐！,2
中秋祝福赶个早：一祝身体好，二祝困难少；三祝烦恼消，四祝不变老；五祝心情好，六祝忧愁抛；七祝幸福绕，八祝收入高；九祝平安罩，十祝乐逍遥！,2
中秋祝福各不同，幸福快意藏其中，不与他人去争锋，我的问候提前送：团圆温馨谱美梦，举杯同庆亲情浓，甜蜜美味享月饼，预祝中秋好心情！,2
心到想到得到，看到闻到吃到，福到运到财到，中秋节还没到，但愿我的祝福是第一个到，提前祝你中秋节快乐！,2
中秋转眼到，月饼仔细挑：观察外包装，保质期看好；月饼块形正，薄厚应均匀；表面无裂纹，花纹清晰貌；皮酥馅柔软，清香口感好。预祝中秋快乐！,2
海上升明月，天涯共此时，又是一个花好月圆夜，送你一个月饼，无限的思念和祝福尽在其中，中秋节愉快,2
桂花香，菊花黄，月儿挂在头中央，我来为你祝福忙，愿您身体强壮似吴刚，事业好比明月光，生活更像月饼圆，一年更比一年强。祝您中秋节愉快。,2
又是中秋月圆的时候，桂花香中，我又情不自禁地想起了你。你的芬芳清香一如从前，你的身材珠圆玉润风采不减当年。真的真的很想你，甜甜的月饼。,2
暮云收尽溢清寒，银汉无声转玉盘，双节又至祝福来，祝您国庆节快乐，中秋全家团团圆圆。祝福送祝愿，祝你天天快乐,2
明月当空照，中秋已来到。佳节配美酒，娇妻投怀抱。岁岁都幸福，处处有欢笑。,2
明月此时有，中秋月更圆祝福此时有，真心话更甜。明月似我心，十分关怀，祝福是我情，百分牵盼想说：我在月亮这头很想你，你在月亮那头快乐如愿,2
美女谁都爱，偏向你走来。风华绝代，陪你精彩。花好月圆，共你常在。你随便一帅，她随便一赖，于是你们团团圆圆，幸福花儿永开不败。记住了，她叫钟秋洁，一旦拥有，幸福长有。愿你跟着美女走，快乐无尽头。,2
古色楼，清癯水，今宵明月天下美。紫金壶，白玉杯，盛来秋月万里辉。月饼甜，桂花香，阵阵清风绕回廊。人团聚，永相协，合家欢度中秋节！,2
月光无形，给人间的是一片浪漫菊开无声，给大地的是缤纷色彩我的祝福无言，给你的是情意一片：中秋快乐永远快乐,2
中秋节到了，给你选了一个大月饼，但不知你的详细地址，难以送达。不过你可以凭此祝福到最近的食品店免费领取。领取方法是：拿起就跑，越快越好！,2
八月十五不送礼，发条祝福祝福你，健康快乐唱伴你，好运和你不分离，还有让我告诉你，财神已经跟随你，钞票珠宝都给你，幸福人生属于你，中秋节快乐！,2
美丽的菊花伴着秋风开，皎洁的圆月有星星陪，把最美好的心愿送给你，愿快乐与你相约，愿开心与你携手，笑容如花常开，青春和幸福永驻，中秋快乐,2
眉“目”中少“一”点哀愁，就是月哀“愁”中少一点“心”事，就是秋。秋月圆圆祝团圆，福圆财圆幸福圆。中秋节，圆圆祝福送给你，圆圆快乐陪伴你，祝你心想事成好梦圆，花好月圆人长久，合家团圆俱康安。,2
中秋月圆圆，月饼甜又甜。平安的馅，幸福的皮，人民币的盒子，铂金的绳。交给祝福当快递，附个名片是团圆。,2
人生是一道风景，快乐是一种心境，春看桃，夏看柳，秋观菊，冬赏梅，愿幸福快乐伴随你，月圆是诗，月缺是画，日上灿烂，日落浪漫，愿你中秋愉快,2
有月缺是因为有月圆，有日落是因为有日出，有痛苦是因为有快乐，有失败是因为有成功，有泪水是因为有欢笑，有快乐是因为有你在身边。,2
没有你好比生活没有催化剂，汽车没有发动器，卫星没有了导航仪，人生没有目的地，而我就成不稳定的，所以你必须听我的：中秋快乐,2
没有你，生活没了味道，没有你，思念没了依靠，没有你，幸福没了着落，没有你，节日没了快乐，没有你，中秋我该怎么过，愿可爱月饼，伴你中秋快乐。,2
流星划过天际，我错过了许愿江河奔腾入海，我错过了祝福又到中秋，不能错过给你的问候，祝中秋节快乐，永远幸福,2
礼到信到祝福到，欢度中秋月圆人圆家团圆，欢乐全家。祝中秋佳节快乐，家庭幸福美满,2
沧海生明月，皓空起相思，我送君祝福，唯恐意迟迟，冷霜打秋后，关怀行在前，天凉多加衣，无聊常消息，莫道中秋冷，与君共相知。,2
桂花的清香，在空气中弥漫着甜蜜满山的红叶，在晚风中飘扬着美丽今宵的明月，在夜空中印刻着记忆。中秋佳节，真诚祝愿您万事如意,2
因为有无价的爱情，所以一枝玫瑰比一棵树值钱因为有十五的月亮，所以一个月饼比一袋面值钱因为有真诚的祝福，所以一条祝福比千言万语珍贵,2
天上最美的是月亮；人间最美的是真情。在月圆这最美的时刻，让祝福带去我诚挚的祝福。忙碌的日子别忘了与家人团聚！中秋节快乐！,2
钱多钱少，够吃就好；家穷家富，和气就好；屋大屋小，能住就好；人丑人美，顺眼就好；人老人少，健康就好；名不名牌，能穿就好；两轮四轮，能驾就好。中秋节到，快乐就好！,2
中秋来临百花香，一条祝福带六香。一香送你摇钱树，二香送你贵人扶，三香送你工作好，四香送你没烦恼，五香送你钱满罐，六香送你永健康。中秋节快乐！,2
江山易变，情字难改，春去秋来，花谢花开。伴随着微寒料峭的秋风，佳节中秋即将到来，放不开思念你的情怀，节日里祝你扫掉阴霾，舒心畅快,2
错过了太阳的辉煌，还有月亮的静谧。错过了流星的花园，还有月色的荷塘。错过了七夕的浪漫，还有中秋的团圆。人生不一定圆满，与你举杯邀月就无憾,2
带上一份心境，品一品月饼，带上一份心愿，送一送祝福，愿秋的芬芳带去节日的喜悦，愿秋的洒脱带去中秋的快乐，愿秋的惬意带去佳节的幸福，祝您中秋节快乐！,2
丰收这幸福做馅，聚集这快乐做皮，取这天上的月亮为模型，为你做这世界上最为圆满的月饼，希望你中秋佳节人月两团圆，中秋节快乐。,2
以时时的温馨为皮；以天天的快乐为馅；以一生的平安制作；以一世的幸福烘烤！用我真诚的祝福包装！祝你中秋节快乐、开心！,2
心到想到得到，福到运到财到，中秋节还没到，但愿我的祝福第一个到。提前祝你中秋节快乐！其他祝福祝福都是我安排的！,2
美丽的夜空，把梦想实现；圆圆的明月，把幸福实现；漂亮的花灯，把节日妆扮；温馨的祝福，把祝福传递；我的心愿：愿你中秋节快乐幸福每一天。,2
一生相识，来自天意；一份真情，来自中秋；一份美丽，来自惦记；一句祝福，来自心底，愿健康平安快乐幸福永远伴随您。,2
倾国倾城钟秋洁，带着快乐把你追；有情有义钟秋月，揣着好运把你陪；可亲可爱钟秋桂，牵着成功共你醉。中秋到愿你乐逍遥。,2
花瓣雨漂过，把花蕊留给你，四季风吹过，把枫叶留给你，岁月潮涌过，把欢乐留给你，又是月圆夜，把祝福送给你，中秋快乐！,2
月圆了，是一道风景；思念了，是种难割舍的情；祝福了，愿祈愿化作永恒。此情此景，熟悉又陌生，不变的是真情。快中秋了，预祝节日快乐，天天好心情！,2
一轮明月，撒下万缕思念；一袭桂香，醉人的幸福在身边；一柄红烛，映红团聚的笑脸；一封月饼，品尝生活的香甜；一道祝愿，数不尽的好明天。中秋快乐！,2
中秋月儿圆圆，故乡远在天边，亲人梦绕魂牵，爱人关爱绵绵，朋友情谊万千，祝愿此情此景，心底温暖无限！,2
后羿忙射日，嫦娥偷奔月。月老不曾老，自古情难了。中秋月儿挂，心中往事圆。玉兔伴嫦娥，你我永相伴。,2
中秋相思，意浓浓；泪眼人儿，梦在怀；月是故乡明，人是你最好。,2
中秋百花放，一条消息带六香，一香送你贵人扶，二香送你摇钱树，三香送你万事好，四香送你没烦恼，五香送你福满筐，六香送你合家欢！中秋节事事圆满。,2
月影摇晃着欣喜，快乐洋溢着心底，花朵飘香着日子，月饼甜美着惦记，心愿徜徉着欢喜，祝福泛动着涟漪，心绪调剂着消息，只为送给你，祝愿你中秋如意。,2
何为中秋？口中多“1”便是“中”，愁字少“心”便是秋。中秋了，给父母多一声问候，让父母少些操心；给朋友多一声祝福，让友情少些疏心。中秋快乐哦！,2
中秋月圆之夜，剪一段月光，写满我送你最深的祝福，用祝福带给你中秋的喜悦，祝你节日快乐！,2
中秋月圆，佳节团圆，乘一叶扁舟，载走你的忧和愁；奉一尊美酒，愿我们的情谊永久。祝中秋节快乐，万事无忧。,2
中秋月圆，霜凝露寒，星光灿灿，桂花片片，心意拳拳，祝福千千：快乐如仙，好运无边，健康平安，成功当先。中秋遥祝，幸福永远。,2
清风带去我的祝福，明月捎走我的问候，送你一丝风儿，赠你一缕月儿，风月无边，人间有情，中秋快乐！,2
中天皓月明世界，遍地笙歌乐团圆。祝您的事业更加成功，从本次月圆时开始，好事不断！,2
月圆人团圆，月缺人分别。若是无情时，月圆亦月缺，若是有情时，月缺亦月圆。,2
月升是我的牵挂，月落是我的关怀，月盈是我的惦记，月亏是我的思念，月芽是我的真诚，月弯是我的微笑，月圆是我深深的祝福。中秋节快乐！留言板中秋节祝福语,2
中秋将至，奉上一个月饼，配料：五克快乐枣，一把关心米，三钱友情水，用幽默扎捆，用手机送达；保质期：农历八月十五前,2
中秋月圆圆，月饼甜又甜。平安的馅，幸福的皮，人民币的盒子，铂金的绳。交给祝福当快递，附个名片是团圆。祝中秋愉快！,2
明月几时有，把饼问青天，不知饼中何馅，今日是莲蓉，如果把它尝，幸福满满满！,2
月儿圆，月儿亮，举头望月思故乡。秋叶黄，秋风爽，大地金秋果飘香。情义浓，吐芬芳，一声问候暖心肠。月饼甜，月饼香，团团圆圆添吉祥。中秋节快乐！,2
中秋节到，吉祥照耀。金桂飘香，明月皎皎。花好月圆，团圆美好。人约黄昏，月挂柳梢。秋色怡人，好运福罩。祝福一条，请君收好。佳节快乐，步步登高！,2
中秋月圆圆，真心送祝“圆”：月饼圆又圆，甜蜜你心田；好运“圆圆”来，生活更精彩；一生有福“缘”，日子如蜜甜；人月两团圆，千里共婵娟；常伴幸福“圆”泉，快乐圆圆满满；合家俱平安，美丽心情每一天。,2
玉兔，嫦娥，桂树；美白，漂亮，芳馥。明月，清风，十五；相思，团圆，遥祝。,2
秋江潮水连海平，海上明月共潮生，花好月圆人团聚，祝福声声伴你行。祝你中秋愉快，靓丽一生！,2
中秋月明花倍香，千里婵娟思更浓；举国同贺庆佳节，一声祝福总相携；年年今朝年年月，岁岁平安岁岁福；我以我心传祝福，中秋赏月念亲友。祝您安康！,2
快到了我要送你一个月饼。第一层体贴！第二层关怀！第三层浪漫！中间夹层甜蜜！愿你喜欢！,2
每逢佳节倍思亲，您向岗位献钟情。天涯海角共此时，我为长辈尽孝心。,2
桂花香，菊花黄，月儿挂在头中央，我来为你祝福忙，愿您身体强壮似吴刚，事业好比明月光，生活更像月饼圆，一年更比一年强。祝您中秋节愉快。,2
桂花的清香，在空气中弥漫着甜蜜满山的红叶，在晚风中飘扬着美丽今宵的明月，在夜空中印刻着记忆。中秋佳节，真诚祝愿您万事如意,2
年年圆满如意，月月事事顺心，日日喜悦无忧，时时高兴欢喜，刻刻充满朝气，月圆人圆花好，事顺业顺家兴,2
人有悲欢离合，月有阴晴圆缺，只是不能团圆，但愿人长久，千里共婵娟。中秋节快乐,2
不知不觉又一个中秋佳节来临，祝您心里想着月饼，口里吃着月饼，脸儿乐得像月饼，甜甜蜜蜜赛月饼，愿我们的祝福伴着您渡过一个快乐的中秋节,2
夏日的最后一抹热浪，慢慢消逝在流去的时光，中秋佳节，带来了金秋的清凉，在这收获的时节，真诚愿您收获一份幸福，收获一份成功中秋快乐,2
八月十五将至，送你一只月饼，含量：100关心，配料：甜蜜快乐开心宽容忠诚幸福保质期：一辈子保存方法：珍惜。,2
祝福中秋佳节快乐，月圆人圆事事团圆。人顺心顺事事都顺。祝全家幸福、和气满堂、合家欢乐！,2
中秋就快到了我要送你一个月饼。第一层体贴！第二层关怀！第三层浪漫！中间夹层甜蜜！愿你喜欢！,2
我的问候来自心间，多想帮你驱散这连绵的阴天，让火红的太阳露着笑脸我的祝福是对你诚恳的关怀，希望你在这个金色的秋色里，注意身体，健康平安中秋节快乐。,2
月圆家圆人圆事圆圆圆团团，国和家和人和事和和和美美。祝全家幸福、和气满堂、合家欢乐,2
风柔雨润花好月圆，幸福生活好甜冬去春来似水如烟，一年中秋在眼前流年不复返，人生须尽欢。中秋快乐,2
相隔十万八千里，却沐浴在同一片月光下，迎接同一个节日，中秋，让月光送去我的祝福：团圆，快乐每一天,2
无论天南海北，不论相聚与离别，有份祝福永远挂在我心中，祝你一切圆满美好,2
月圆之夜明月当空是无论我们的距离多遥远，都挡不住我对你深深的思念月缺时我想你，月圆时我念你，无论月圆月缺，牵挂却从不曾少。下面是整理的一些中秋节祝福祝福，,2
春有百花秋望月，夏有凉风冬听雪，心中若无烦恼事，便是人生好时节，愿你晨有清逸暮有悠闲，梦随心动心随梦求，祝中秋节愉快,2
风柔雨润花好月圆，幸福生活好甜冬去春来似水如烟，一年中秋在眼前流年不复返，人生须尽欢。中秋快乐,2
八月十五，送你一盒月饼含量成份：100纯关心配料：甜蜜快乐开心宽容忠诚幸福保质期：一辈子保存方法：珍惜,2
做一只月饼送你，揉进我对你美好的祝愿捧一轮明月送你，代表我真挚的情意写一条祝福发你，在这中秋佳节即将到来的时候，祝愿日子越过越精彩,2
八月十五不送礼，发条祝福祝福你，健康快乐唱伴你，好运和你不分离，还有让我告诉你，财神已经跟随你，钞票珠宝都给你，幸福人生属于你，中秋节快乐,2
八月十五相思夜，坐着相思椅，望着相思月，相思夜里话相思，句句相思语浓浓相思意，手握相思笔，写下相思句，倾尽柔情相思你：祝你中秋快乐,2
八月中秋月儿圆，合家团聚乐无边。瓜果丰硕来奉献，玉米青豆逐笑颜。高歌一曲全家福，曼舞两步双人欢。美酒烛光趣盎然，祝福寄情祝平安。,2
风柔雨润花好月圆，幸福生活好甜冬去春来似水如烟，一年中秋在眼前流年不复返，人生须尽欢。中秋快乐。,2
中秋月圆、佳节思亲、远隔天涯、举目有亲、心愿、祝愿、如愿、情缘、了愿。祝你幸福快乐,2
八月中秋月儿圆，对着嫦娥表思念，心中的人啊你可看见，嫦娥也在默默祝愿，愿你生活比蜜甜,2
您生命的秋天，是枫叶一般的色彩，不是春光胜似春光，时值霜天季节，却格外显得神采奕奕。,2
月亮说，她会在八月十五的晚上安排美丽的月光，将我的祝福送到你的眼里，写在你的心上。,2
送上香甜的月饼，连同一颗祝福的心愿你过的每一天都象十五的月亮一样成功,2
中天皓月明世界，遍地笙歌乐团圆。祝您的事业更加成功，从本次月圆时开始，好事不断,2
月有阴情圆缺，人有悲欢离合。希望从今天起月亮永远是圆的，你永远是快乐的祝你中秋节愉快,2
明月，一闪一闪，挂天边思念，一丝一丝，连成线回忆，一幕一幕，在眼前但愿，一年一年，人圆全。,2
把酝酿已久的创意交给秋风，任其去演绎相思的旋律让企盼团聚的心跃上太空，在月宫桂树下再续永恒的主题。中秋佳节来临之际，愿你心情如秋高气爽，笑脸如鲜花常开,2
根据中秋特别法，判你快乐无期徒刑，剥夺郁闷权利终身，并处没收全部疾病烦恼，本判决为终审判决，立即执行。快乐到永远退庭中秋快乐,2
八月金秋桂送香，十五明月情溢边。丹桂香郁是千里，明月寄情是惬意。一缕香入魂，乐在此中行，为你行，为我行，快乐随行。为你行，为我行，祝福行,2
中秋来临百花香，一条消息带六香一香送你摇钱树，二香送你贵人扶，三香送你工作好，四香送你没烦恼，五香送你钱满箱，六香送你永安康。中秋快乐,2
如果此时你也正在赏月，我会对着月亮双手合十，衷心的祝愿你和家人团圆美满一切美梦成真。,2
我要给你一个最难忘的中秋节，让你在每个月圆之夜，都会想起我们一起走过的日子。,2
八月十五，送你一盒月饼！含量成份：100纯关心；配料：甜蜜快乐开心宽容忠诚幸福；保质期：一辈子；保存方法：珍惜！,2
月娥姐，月明明月中有株婆娑树婆娑树上挂紫微紫微星出保平安，枝枝叶叶兴旺生好子,2
中秋佳节到，祝福不迟到，祝您：月圆，人圆，事事圆好花，好景，好事连。,2
用我的真心做陷，用我的祝福做面，裹住美满与甜蜜，在这美丽的中秋佳节，送上我为您特制的月饼，愿您品出我的真情意。,2
月华如水，浸满我的牵挂与惦念月饼圆圆，装点我的诚挚和心愿祝福到来，传递我的祝福和企盼。愿您中秋佳节，笑容圆圆，事业圆圆，万事圆圆,2
月亮走，你也走，情深依依花也羞月亮走，你不走，此刻幸福永久留月儿圆，月饼圆，阖家欢乐人团圆桂花香，月更圆，日子甜上更加甜。中秋快乐,2
中秋月儿圆圆，故乡远在天边，亲人梦绕魂牵，爱人关爱绵绵，朋友情谊万千，祝愿此情此景，心底温暖无限！,2
送一个圆圆的饼，献一颗圆圆的心，寄一份圆圆的情，圆一个圆圆的梦。中秋节快乐！,2
清风带去我的祝福，明月捎走我的问候，送你一丝风儿，赠你一缕月儿，风月无边，人间有情，中秋快乐,2
今夜明月圆，家家人团圆，幸福好因缘，快乐朋友缘，甜蜜爱情缘，愿你日日花好月圆，中秋更是幸福团圆,2
风柔雨润花好月圆，幸福生活好甜冬去春来似水如烟，一年中秋在眼前流年不复返，人生须尽欢。中秋快乐,2
把酝酿已久的创意交给秋风，任其去演绎相思的旋律让企盼团聚的心跃上太空，在月宫桂树下再续永恒的主题。中秋佳节来临之际，愿你心情如秋高气爽，笑脸如鲜花常开,2
伴着教师节的深情，把美好送给园丁迎着中秋节的来临，愿好运陪着你旅行对你的祝福不曾停，衷心祝愿你天天好心情,2
不知不觉又一个中秋佳节来临，祝您心里想着月饼，口里吃着月饼，脸儿乐得像月饼，甜甜蜜蜜赛月饼，愿我们的祝福伴着您渡过一个快乐的中秋节,2
中秋之夜，快递员嫦娥会送你一个我亲手做的电子月饼，它饱含思念，裹着真情，低碳环保，不含添加剂。不管你信不信，反正我寄了。中秋快乐,2
让最圆的明月陪伴你和我，让明月传达我的心愿与祝福。祝你中秋佳节快乐，月圆人圆事事圆满,2
又是一年月圆夜，月下为你许三愿：一愿美梦好似月儿圆，二愿日子更比月饼甜，三愿心地犹如月光明。,2
中秋佳节不送礼，发条祝福祝福你，健康快乐长伴你，好运和你不分离！祝福你天天快乐。,2
以真诚为半径，用尊重为圆心，送您一个中秋圆圆的祝福愿：爱您的人更爱您，您爱的人更懂您！好事圆圆！好梦连连！预祝中秋快乐，月圆人更圆！,2
中秋，思念的时节，我将真诚与祝福浓缩至祝福，带着关怀与思，随电波飞向你。,2
金秋圆月挂天边，浪子心中思念添；寂寞嫦娥空际舞，八戒被贬为那般；我予汝心天可表，千里也能共婵娟。,2
月有阴情圆缺，人有悲欢离合。希望从今天起月亮永远是圆的，你永远是快乐的！祝你中秋节愉快！,2
在此中秋佳节来临之际，愿你心情如秋高气爽！笑脸如鲜花常开！愿望个个如愿！中秋快乐！,2
千里试问平安否？且把思念遥相寄。绵绵爱意与关怀，浓浓情意与祝福，中秋快乐！,2
春有百花秋望月，夏有凉风冬听雪，心中若无烦恼事，便是人生好时节，愿你晨有清逸暮有悠闲，梦随心动心随梦求，祝中秋节愉快！,2
八月十五月正圆，中秋佳节聚诸仙，东海龙王发来贺电，南海观音捎来请柬，西山王母带来吉言，北帝仙君送来祝愿。祝：中秋快乐！,2
中秋节，祝你的好运一帆风顺，事业顺理成章，工作顺心配合，生活一顺百顺，赚钱顺手牵羊，爱情得心应手，一切都对你顺顺利利！,2
明月本无价，高山皆有情。人虽不至，心向往之。衷心祝愿您和家人团圆美满，幸福安康,2
相隔十万八千里，却沐浴在同一片月光下，迎接同一个节日，中秋，让月光送去我的祝福：团圆，快乐每一天,2
中秋月圆、佳节思亲、远隔天涯、举目有亲、心愿、祝愿、如愿、情缘、了愿。祝你幸福快乐,2
月饼圆圆的、甜甜的在这最美好的时刻祝您和您的家人合家欢乐、幸福美满,2
月露脸，玉兔跳，朗朗中秋快来到；嫦娥舞，后羿笑，吴刚帮拍婚纱照；天上欢，人间闹，吉祥如意好预兆；酒一端，乐淘淘，祝你阖家幸福步步高！,2
今夜明月圆，家家人团圆，幸福好因缘，快乐朋友缘，甜蜜爱情缘，愿你日日花好月圆，中秋更是幸福团圆,2
天上月圆，人间团圆，家庭情圆，朋友事圆，心中梦圆，左右逢圆愿你每一天中，人缘，情缘，福缘，财源，缘缘不断，事事如愿祝中秋节快乐,2
云彩变淡了，枫叶变红了，清风变凉了，桂花变香了，月亮变圆了，月饼变甜了，思念变浓了，距离变近了，中秋愿你生活越变越美，心情越变越好,2
皎皎天上月，圆圆中秋节。脉脉星河稀，款款逢佳期。个个月饼香，片片桂花芳。依依思念至，遥遥祝福句：甜甜日子美，浓浓幸福随。中秋快乐！,2
如果有一天，你走得太倦，只要一转身，我就在你身边！不管离多远，不管多少年！愿我的祝福化为繁星点点，闪在你生命的每一天！中秋快乐！,2
想我吗还记得我吗好久没有见面了。你心里是不是已经有了别人如果是，我会很伤心的。不管你同不同意，我都决定明天带着快乐、好运和成功来看你，你一定要热烈迎接我。记住了，我叫钟秋洁。提前祝你中秋节快乐。,2
中秋快到了，祝福划一个圈，圈住你的快乐，把烦恼挡在外面月饼是一个圈，我要看着你，一口口地把幸福吃掉，回味生活的香甜月亮是一个圈，圈住你和你爱的人，坐在月亮上数星星，一辈子都浪漫。预祝中秋快乐,2
心到，想到，得到，看到，闻到，吃到，福到，运到，财到，中秋节还没到，但愿我的祝福第一个到，提前祝你中秋节快乐天天好心情,2
中秋快到了，有人祝福搞笑，有人祝福整蛊有人祝福传情，有人祝福祝福我没有那么多花样，只有送上一句轻松的问候：预祝中秋快乐,2
烦恼随风，刮向天空，快乐成风，迎面吹送。道顺，人顺，事事顺，你好，我好，大家好。中秋快乐。,2
相隔十万八千里，却沐浴在同一片月光下，迎接同一个节日，中秋，让月光送去我的祝福：团圆，快乐每一天,2
星星的寂寞月知道，晚霞的羞涩云知道，花儿的芬芳蝶知道，青草的温柔风知道，梦里的缠绵心知道，心里的酸楚泪知道，我的思念您知道我的祝福请记牢：祝中秋节快乐,2
月满人齐全，家国两团圆，花好月圆佳节夜，思念千里梦甜甜。祝福你中秋佳节快乐，合家团聚，月圆人更圆。,2
中秋送去美好祝愿，愿你的快乐天天兑现，幸福天天相伴，好运天天不断，身体天天康健，爱情一生一世圆满，中秋节快乐无极限！,2
中秋佳节月儿圆，圆出全家聚一堂桂花散香飘祥瑞，嫦娥送福美万年愿你福圆满家园花好月圆人团圆事业顺利步步高，阖家幸福永平安。祝你中秋节快乐,2
清风送去了我的祝福，明月带来了我的问候，流星记载了往日的故事，玉兔留下了永恒的吉祥。祝你中秋佳节快乐，月圆人圆事事圆满,2
八月中秋月儿圆，对着嫦娥表思念，心中的人啊你可看见，嫦娥也在默默祝愿，愿你生活比蜜甜,2
今年中秋节不送礼，发条祝福祝福你，健康快乐唱伴你，好运和你不分离，还有让我告诉你，财神已经跟随你，钞票珠宝都给你，幸福人生属于你中秋假日快乐,2
月儿圆圆挂天边，荷叶圆圆水中间。梦想圆圆都实现，成功圆圆舞翩跹。快乐圆圆永不变，祝福圆圆情无限：中秋花好月又圆，幸福与你两团圆。,2
中秋快乐如果有什么值得庆祝的话，那一定是团圆如果有什么值得庆幸的话，那就是平安。,2
你好，我是财急送的送货员，钟秋洁给你寄了包裹，请验收：一辈子的平安与幸福，甜蜜的爱情与好心情，永远垂青你的好运气。,2
月升是我的牵挂，月落是我的关怀，月盈是我的惦记，月亏是我的思念，月芽是我的真诚，月弯是我的微笑，月圆是我深深的祝福。中秋节快乐！,2
古色楼，黄河水，今宵明月天下美。紫金壶，白玉杯，盛来秋月万里辉。月饼甜，桂花香，阵阵清风绕回廊。人团聚，永相协，中秋节快乐！,2
亲爱的朋友，又逢佳节中秋，皓月当空，圆润丰盈，愿你幸福安康，合家团圆，品饼赏月，共享天伦之乐，祝中秋快乐、甜蜜幸福！,2
圆圆的月儿天上挂，圆圆的月饼香天涯，圆圆的快乐美如花，圆圆的祝福到你家：美满日子玉润珠圆，幸福生活花好月圆，合家吉祥永团圆。,2
以真诚为半径，用尊重为圆心，送您一个中秋圆圆的祝福祝愿：爱您的人更爱您，您爱的人更懂您好事圆圆好梦连连祝中秋快乐，月圆人更圆,2
让最圆的明月陪伴你和我，让明月传达我的心愿与祝福。祝你中秋佳节快乐，月圆人圆事事圆满,2
草儿箐箐，花儿幽幽，月儿圆圆，梦儿绵绵，心儿甜甜此刻情飞千里明月寄相思中秋节,2
水盼团圆汇聚成海，石盼团圆高耸成山，月盼团圆辉映人间。水说海枯心不变，石说山崩情依恋，月说寄情我承担，我说中秋盼团圆预祝中秋快乐,2
趁着时间尚早，心儿尚未凌乱，夜色还未上演，月亮还不很圆，月饼还未端出，祝福尚未拥堵，我赶在中秋到来之前，送你祝福，共享喜悦。,2
中秋节至，为你送上一轮多功能圆月，助你把烦恼穿“月”,2
喜事精神爽，人团家圆事业成。节日愉快身体硬，心想事成您准赢。,2
月儿圆圆天边挂，梦想圆圆都成真，荷叶圆圆水中立，情谊缘缘永不变。祝福源源祝福传：中秋花好月又圆，幸福快乐两团圆。祝你中秋快乐,2
八月十五相思夜，坐着相思椅，望着相思月，相思夜里话相思，句句相思语浓浓相思意，手握相思笔，写下相思句，倾尽柔情相思你：祝你中秋快乐,2
月升代表我的牵挂，月落代表我的关怀，月盈代表我的惦记，月亏代表我的思念，月芽代表我的真诚，月弯代表我的微笑，月圆代表我的祝福。中秋节快乐,2
左手握住健康，右手抓住财富。左腿跨过艰难险阻，右腿踏上成功之路。用力喊出幸福，用心感受我这中秋祝福：中秋快乐,2
不必多说，将真情融进字句里；不必牵挂，这月儿照着我也照着你；不需微风，黄叶也会写下美丽的寄语；不需祝福，中秋前夕，知道你一定也快乐惬意！,2
我的问候来自心间，多想帮你驱散这连绵的阴天，让火红的太阳露着笑脸；我的祝福是对你诚恳的关怀，希望你在这个金色的秋色里，注意身体，健康平安！中秋节快乐。,2
把酝酿已久的创意交给秋风，任其去演绎相思的旋律；让企盼团聚的心跃上太空，在月宫桂树下再续永恒的主题。中秋佳节来临之际，愿你心情如秋高气爽，笑脸如鲜花常开！,2
趁着心儿尚未凌乱，夜色还未上演，月亮还不很圆，月饼还未端出，祝福尚未拥堵，我赶在中秋到来之前送你祝福，祝你中秋佳节人团圆、欢乐满、幸福绵延！,2
嫦娥当空舞，玉兔合金乌。丰收秋色满，万家团圆度。花好月圆时，祝福送祝福。家有合欢树，健康又幸福。诸事都圆满，好运常光顾。祝中秋节快乐！,2
月是中秋分外明，我以明月寄钟情，你是明月照我心，我作星星永相亲，祝身心健康。天天快乐。,2
月华如霜，浸入你的心房；微风送爽，吹去你的忧伤；星光拂窗，照亮你的方向；白云流芳，祝福送你身旁。中秋愉快！,2
丹桂要笑，香气缭绕；金菊要笑，倩影摇摇；圆月要笑，中秋欲临，佳节要到。我也要笑，提前准备，祝福早到：愿你情圆事圆人团圆，吉祥如意享美好！,2
好久不见，中秋节祝福捎给你关怀：愿你时时刻刻有快乐相伴，分分秒秒与好运缠绵，日日夜夜与安康拥抱，年年岁岁有幸福相随。愿你微笑绽放，喜乐连连！,2
非常荣幸邀请你及家人出席中秋夜宴，菜单如下红烧快乐，火爆开心，油炸浪漫，清蒸健康，水煮团圆，干煸四季欢乐豆，本店利薄，谢绝自带月饼！,2
吃着月饼思念你，赏着圆月牵挂你，发条祝福问候你，中秋到了，祝你牵着爱人，伴着家人，吃着月饼，赏着圆月，团团圆圆，幸福一生！,2
把酝酿已久的创意交给秋风，任其去演绎相思的旋律；让企盼团聚的心跃上太空，在月宫桂树下再续永恒的主题。中秋佳节来临之际，愿你心情如秋高气爽，笑脸如鲜花常开！,2
四季交替有了金秋的美丽，岁月流转有了想你的心情，祝福传递有了问候的美丽，中秋来临有了真诚的祝福：愿你人生梦想圆，合家团聚笑开颜。,2
丹桂要笑，香气缭绕；金菊要笑，倩影摇摇；圆月要笑，中秋欲临，佳节要到。我也要笑，提前准备，祝福早到：愿你情圆事圆人团圆，吉祥如意享美好！,2
愿问候是月光，柔柔照进你梦乡；愿关怀是枫叶，轻轻飘散出快乐芬芳；愿祝福是小溪，悄悄流淌你心上。中秋快乐！,2
秋风清，秋月明，祝你天天好心情；桂花香，皓月亮，愿你事事都顺畅；笙歌响，糕饼香，送你如意加吉祥；中秋节祝你合家欢乐、幸福如意。,2
桂花香，菊花黄，月儿挂在头中央，我来为你祝福忙，愿您身体强壮似吴刚，事业好比明月光，生活更像月饼圆，一年更比一年强。祝您中秋节愉快。,2
取快乐无忧之泉，和健康平安之面，捏花好月圆之皮，包甜蜜幸福之馅。用关怀体贴之火烘烤，以思念祝福之信传递，送上特制月饼，祝中秋快乐！,2
送您一块桂花糕，愿您事业步步高；送您一碗桂花酿，愿您前途顺又畅；送您一盏桂花酒，愿您健康福长久；送您一缕桂花香，愿您中秋佳节合家笑哈哈。,2
月儿高高，思念心情给你捎，开口笑笑，好彩好运一起到，心儿跳跳，迎得福气来拥抱，日子好好，幸福生活抱你腰，中秋佳节，祝愿工作事业步步高。,2
桂花的清香，在空气中弥漫着甜蜜；满山的红叶，在晚风中飘扬着美丽；今宵的明月，在夜空中印刻着记忆。中秋佳节，真诚祝愿您万事如意！,2
玉宇无尘，银河泻影，月色横空，花荫满径，中秋的夜晚格外温馨，空气弥漫着甜蜜，光华浸透着祝福，中秋佳节，真诚祝愿您合家团圆，前途顺利！,2
十五月儿圆又圆，中秋饼儿甜又甜，月圆饼甜合家欢，幸福吉祥又一年！,2
年年中秋待月圆，月圆最是相思时。祝中秋佳节，全家团圆美满,2
独在异乡为异客，每逢佳节倍思亲。祝中秋佳节，全家团圆美满,2
一轮明月挂天边，两地相隔情相牵，三不五时常思念，四面八方心祝愿，五光十色生活甜，六六大顺事如愿，七彩好运伴身边，八月中秋喜团圆。,2
中秋是一首长篇史诗，永远漫长永远动情；亲情是一团不灭火焰，永远燃烧永远温暖；爱情是一坛温过美酒，永远劳神永远醉心！,2
祝你的事业和生活像那中秋的圆月一样，亮亮堂堂，圆圆满满！,2
中秋节，月儿圆，许个心愿圆又圆日圆，月圆，团团圆圆；官源，财源，左右逢源；人缘，福源，源源不断；情愿，心愿，愿愿随心愿；真诚地祝愿你，圆愿遂愿，中秋快乐！,2
每逢佳节倍思亲，想邀明月致安慰。远处的亲人，你们好吗？,2
年年圆满如意，月月事事顺心，日日喜悦无忧，时时高兴欢喜，刻刻充满朝气，月圆人圆花好，事顺业顺家兴！,2
中秋国庆两节，祝你天天快乐，心想事成，身体健康！,2
月是中秋分外明，我把问候遥相寄；皓月当空洒清辉，中秋良宵念挚心；祝愿佳节多好运，月圆人圆事事圆！,2
佳节到，送您个月饼：第一层财运；第二层幸运；第三层福运；第四层浪漫；中间夹层甜蜜，祝您天天好心情！,2
一年中秋又来到，远在他乡的我，心中只有一个信念祝家中的亲人们永远幸福安康！,2
今夜月明人尽望，不知秋思落谁家。送上香甜的月饼，连同一颗祝福的心！在此中秋佳节来临之际，愿你心情如秋高气爽！笑脸如鲜花常开！愿望个个如愿，中秋快乐！秋高气爽的中秋祝福,2
中秋月儿圆又圆，圆圆祝福送面前：衷心“圆”你与快乐喜结良“圆”，与好运共续情“圆”，财运“圆圆”不断，住进成功家“圆”，处处都有好人“圆”，幸福“圆”份天注定。合家圆圆满满，一生花好月圆。,2
一年又至中秋日，皎皎明月正当时；每逢佳节思更切，万千思绪化云去；年年岁岁花相似，岁岁年年总相宜；寄上祝福表相思，情到深处你最知；愿你家和万事兴，幸福绵绵无尽时。中秋快乐！,2
中秋节，不能陪伴在父母身边，笑的再甜，也有些苦涩，只能将内心对家人朋友的衷心祝福寄托在皎皎月光上，愿普照大地的月光将我的祝福传递到相隔千里万里的亲人身旁。,2
明月今夜有，皎洁悬中天，遍邀亲朋佳友，把酒话团圆。同赏中秋美景，共叙相思离别，浓情未变淡。浅尝团圆饼，欢笑宴席间。虽有聚少离多，难把亲情阻隔，人定能胜天。但愿长相守，千里心相连！,2
中秋月儿圆又圆，亲朋好友在身边，摆满月饼和糕点，香香月饼嘴馋馋，一口下去少半边，含在嘴中粘又粘，吃起月饼甜又甜，祝福写下好祝愿，亲朋好友皆平安，日子幸福又美满，中秋节日乐无边。,2
中秋节，我以心为弦，思念为谱，祝福为歌，为你奏响月圆交响曲，祝你日子红红火火，事业圆圆满满，亲人团团圆圆，心事花好月圆，幸福美满永在前，中秋节快乐！,2
中秋明月。皎洁的月光展开一方素笺，布满星辰晶莹的语言，让风为我送出思念的音讯，与远方的亲朋一同赏月，共度良宵。衷心祝愿您们中秋佳节，开心快乐，平安健康。,2
中秋来到月儿圆，抬头望月许心愿，希望朋友人人好姻缘，盼望兄弟日日佳人约，渴望姐妹事事合心愿，期望亲人幸福到永远。祝愿亲人，朋友们，中秋月下许心愿，生活快乐幸福一万年。,2
月到中秋分外明，人到中秋望团圆！祝您节日快乐！合家团圆！,2
亲情爱情，情系佳节。家园月圆，圆满中秋。,2
中秋月圆合家欢，举杯邀月心莫烦；夫妻恩爱把心连，家庭和睦人间暖；幸福花儿一串串，细细品味心里欢；小康路上齐向前，不管刮风下雨难；葡萄美酒再斟满，快乐幸福金不换！,2
月色莹莹且明媚，祝福平常却珍贵；金菊怒发香袭人，中秋祝福携真诚；嫦娥起舞玉兔忙，传福人间添吉祥。值此传统中秋佳节就到之际，祝合家欢，幸福长！,2
嫦娥月轻舞，玉兔喜洋洋；吴刚酿美酒，月桂飘醇香；金菊展笑颜，人间乐淘淘；亲朋互拜访，儿女绕身旁；中秋佳节日，品饼共赏月！团圆享天伦，幸福乐逍遥。,2
高空依旧明月挂，夜色伴着银光洒。此时正是中秋时，思念之情尤其浓。团圆月饼寄回家，祝愿快乐幸福呀！祝福寄回家，祝愿生活美满啊！,2
圆圆的月儿天上挂，圆圆的月饼香天涯，圆圆的快乐美如花，圆圆的祝福到你家：美满日子玉润珠圆，幸福生活花好月圆，合家吉祥永团圆。节日快乐！,2
月圆情圆人团圆，人满福满酒杯满，花香景美心情美，你乐我乐全家乐，佳节喜闹大团圆，万事顺畅皆圆满。中秋将至，愿你合家团圆，一生圆满！,2
十五的月亮圆又圆，家家户户喜连连，喝酒赏月人团圆，日子过得比蜜甜，借此吉时送祝愿，盼你身康体又健，收获幸福一片片，如意总是围你转。中秋佳节，愿你合家欢乐，幸福美满！,2
中秋到了，今年主题是“圆”，十五的月亮十五圆，我送你：幸福与你有“圆”，长相厮守；快乐与你结“圆”，时时开怀；吉祥与你画“圆”，好运连连。愿你中秋花好月“圆”，事事“圆”满！,2
星光灿灿月儿圆，八月十五中秋来；喜上眉梢人欢喜，朵朵花儿开得艳；张灯结彩庆佳节，欢天喜地大团圆；团团围坐乐融融，推杯换盏展笑颜；送份祝福传情谊，点点心意在其间。提前祝你中秋快乐，心情舒畅！,2
温馨团圆夜，皎洁月当空；桂香飘万里，中秋情意浓；祝福载柔情，祝福遥相送。值此中秋佳节，愿你和你的家人：时时刻刻健健康康，分分秒秒开开心心，日日夜夜潇潇洒洒，年年岁岁平平安安，朝朝暮暮顺顺利利，永永远远快快乐乐！,2
初秋晚秋，不如这个中秋好。酒香肉香，不如颗颗月饼香。柔情热情，不如今天团圆情。花长草长，不如亲人平安长。湖深海深，不如我的祝福深。值此中秋来临之际，祝福你家庭和美，事业丰收，心情舒畅，健康常在，人生圆满！,2
圆圆月亮照万家，甜甜月饼入口香，中秋信儿祝吉祥，快乐开心排成行，今夕祝福情荡漾，玉兔亲送广寒酿，嫦娥传说讲一讲，如意砖瓦砌成墙，月圆人圆幸福长！八月十五合家欢，我把深深心意传，愿你围着幸运转，美好生活大满贯！,2
不管天有多高，地有多厚，海有多深，石有多坚，钢有多硬，泥有多软，风有多急，雨有多大，冰有多冷，火有多热，山有多高，河有多阔，桥有多宽，路有多长，距离有多远我都要第一个给你送上中秋祝福，祝中秋快乐！阖家平安幸福！,2
