千里姻缘一日逢，百年能有几回同？鹊桥牛女来相会，七夕情人浓始终。,4
七夕节，为你准备了真心，对你的真情独具匠心,4
古有梁祝化蝶飞，一路有你不觉累。许仙逆天会白蛇，情动地天永无悔；七七说好鹊桥会，牛郎真心织女陪；蜜意柔情世人追，七夕来啦幸福随。每句第4字送给你,4
跟你一见钟情的缘，对你一往情深的恋，爱你一心一意的愿，陪你一生一世的伴，在牛郎织女相会的这天，许下我不离不弃的誓言，与你共创如诗如歌的明天，七夕有你相伴，幸福就是这样简单。爱你到永远！,4
一辈子多久，天知道；人生路多长，地知道；比翼鸟飞多高，云知道；连理枝靠多紧，风知道；爱你有多深，我知道；祝福有多真，你知道。七夕快乐！,4
七是七月初七喜上喜，夕是情意浓浓要珍惜，节是相约相伴特殊节，快是心花怒放快乐颂，乐是喜上眉梢乐悠然。七夕情人节快乐！,"4,5"
当对你的爱到了极限，我发现我喜欢无言，不是不想表露对你的爱恋，只因为爱到极限才会不安。但是不论未来怎样，依然相信我们能到永远！七夕快乐！,4
不知是第多少次望着这片星空，时常在想，另一个星空下你是否感受到我对你的思念。都说牛郎织女苦，但他们至少知道彼此的思念！祝你七夕节快乐！,4
茫茫人海与你相遇的一瞬间，注定了我此心的永不变迁。遥望天上银河九天，但见鹊桥为路，牛郎织女相望无言，泪流满面。真心爱你到永远，七夕快乐！,4
生命中有你在，天天都是晴天，就算有雷雨天气也只是过眼云烟。只要有你在，相信再大的艰险和困难我都会一往直前，一起走到幸福的终点。七夕快乐！,4
﻿既然爱你又何必需要誓言，既然相信相爱又何必害怕永远，即使我们的一生过得平平淡淡，但只要最终和你相依相偎就能温暖整个人间！提前祝七夕快乐！,4
再亮的星星也照不亮我的寂寞，再遥远的思念也止不住想你的忧伤。在时光的洪流中，在岁月的暴风中，相思的大雨又在七夕前洒落，想你！祝你七夕快乐！,4
你一个眼神就能将我的世界照亮，你一个微笑就能让我的心门开放，你一句言语就能让我将梦想起航，因为你是我最想守护的姑娘！提前祝你七夕快乐！,4
尽管相爱的路不可能平坦，尽管牵手的时间也很短，即便如此，让我选择从头来过，我依然无悔和你相遇，时光骤变，思念难减，祝你七夕好心情每一天！,4
爱不需要每天喋喋不休的言语，爱需要心有灵犀的默契；爱不需要天涯海角的相随，爱需要不弃不离的相濡以沫；爱不需要花前月下的承诺，祝七夕快乐！,4
窗外细雨绵绵，滑落在我的心间，你的纯洁的轮廓，依然清晰浮现在脑海。夜渐渐深了，月亮承载我对你的思念，两情久长时又岂在朝朝暮暮！七夕快乐！,4
相遇是上天注定的缘分，相知是上天恩惠的给予，相爱是前世信念的轮回。对你的爱，如果真的有轮回存在，我希望生生世世都能遇见你。七夕快乐！,4
时常想起花季雨季的苦涩年华，也想起二十多岁的青涩记忆，有些人注定是要失去，但是我真的是不想相信命运，不想放开最爱的你。七夕，祝你幸福快乐！,4
漫长的等待，鉴证了牛郎织女的真爱，止不住的思念，深深的期盼，只为看你一眼，千年的依恋，道不尽万年的爱，七夕来临，对你的爱希望是一万年！,4
爱让你我燃烧，爱使梦想闪耀，我们的爱来自夜空的鹊桥会，我们的相逢注定胜过人间无数，最美不过你的笑，七夕来临，带着对未来的期盼，祝亲爱的快乐！,4
漫天的繁星只为你而闪耀，牛郎织女的星河是我和你的城堡，充满相思的雨绵绵的情，在星光中不断闪耀着心痛的讯号。对你我心依旧，预祝七夕快乐！,4
就算今生不能与你共相伴，就算和你一直变老成为最美丽的谎言，我也心甘情愿，为你默默守候，只为你能拥有幸福的一片天，爱无悔，预祝七夕快乐常伴！,4
誓言面前，真心不说穿，无论这份爱恋的真假难辨，即使不能把一辈子写在你的心间，即使此生注定孤独到站，我也义无反顾为你撑起一片天，七夕快乐！,"4,9"
我们已经错过太多的时间，我们的爱不知能不能记得起流年，此时的我只能静静等待，等待我们重新相爱的那一天，同享悲欢。七夕将至，我一定能等到你！,"4,9"
总是经历过才会懂得爱需要珍惜，总是痛苦过才能懂得爱的沉重，也许见过了太多的悲欢离合，才能真正体会什么叫做承诺。七夕就要到了，祝我们真爱一生！,4
架一座通往你心底的鹊桥，用银河之水般的爱将你包围。细数繁星璀璨，沉淀爱意满满。时间阻隔不了牛郎织女，岁月磨灭不了真爱无敌。我爱你，至死不渝！,4
七夕的夜空灿烂无边，七夕的鹊桥柔情万千，七夕的情怀缠缠绵绵，七夕的你我爱意连连，亲爱的，七夕到了，我愿陪着你一直到老。,4
心要让你听见，爱要让你看见，七夕了，只想告诉你：爱你，想你，恋你。我的心里全是你。,4
我的心里搭起了一座美丽的鹊桥，有浪漫的清香，有缠绵的低语，有脉脉的凝眸，有娇羞的回首，更有你我相识相知的点滴回忆。七夕到了，我只想拉着你的手，一起走过心里那美丽的桥。,4
我们受到七夕爱神青睐，彼此相亲相爱痴心不改，每一天都有美好的期待，把温柔和体贴尽情采摘，把理解和信任统统招徕，只为这一生爱情每天都在。亲爱的，我爱你。,4
七夕七夕，爱情阵地遭遇奇袭。体贴风暴将你席卷，温柔细雨把你沐浴，理解清风将你围绕，热恋情怀把你包抄，使你成为今日幸福的女主角。七夕快乐。,4
沐浴星光灿烂的漫浪，触摸心底缠绵的思念，拥着芬芳迎面的玫瑰，借着七夕温柔的羽翼，把对你的那份真纯的爱带到你的心里，愿你七夕快乐。,4
七月初七日，良辰吉时到。牛郎见织女，千里搭鹊桥。银河虽浩渺，星光你最耀。千古传佳话，真爱来宣告。一年又一年，爱情永不老。天上，人间，我想你。,4
有价的是玫瑰，无价的是爱情。有形的是距离，无形的是思念。有意的是感动，无意的是感觉。有限的是时间，无限的是情意。七夕佳节，唯有真爱永恒！,4
距离产生美，牛郎星与织女星距离164光年，遥遥相望，两厢斯守，不离不弃；爱情可以跨越距离，因为心中有座爱的鹊桥。七夕快到了，要幸福哦。,4
送上七层宝塔：真情真意做地基，幸福甜蜜为正楼，相知相守上面藏，相依相惜楼上楼，无怨无悔来一层，风雨同舟铸美好，白头到老是塔尖。预祝七夕快乐！,4
﻿春夏秋冬，感谢有你陪我走过；风风雨雨，感恩有你在我身旁；柴米油盐，感动有你为我忙碌；七夕来到，赶紧为你传份真心：与你幸福到老是我的唯一追求！,4
自从遇见你，内心难以平静。为避免一颗真心被你悄悄偷走，我已向爱情保险公司投保，如这颗心失窃，保险公司将责成你赔付我一份真挚的爱情。七夕快乐！,4
打开季节的链接，进入七夕的界面，输入真情的密码，聆听爱情的音乐，看到你美丽可人的容颜，我不停地复制你的温柔，粘贴你的笑容，存进我的心里。七夕到了，只想告诉你，我爱你。,4
含情脉脉共欢笑，郎情妹意在今朝。卿卿我我忆甜蜜，耳鬓厮磨度佳期。两情相悦沐恩爱，海枯石烂心不改。七夕到来情未了，执子之手直到老。七夕快乐。,4
爱情鸟儿落树梢，有情人儿轻拥抱，喃喃细语诉心声，柔柔蜜意月朦胧，七夕鹊桥相会有情人，我愿意和你相爱百年，幸福永远。,4
亲爱的。七夕将近，我再等待属于我们的专属七夕。愿我们的爱长长久久，愿我们的情浓浓似蜜。,4
这天我会买下所有玫瑰，这天我会对你许下爱的誓言，这天所有的恋人都会为你我送上祝福，因为今天是七夕，因为你我是独一无二的，还有就是我爱你亲爱的,4
你我一辈子在一起是一心一意的，你我一生的相爱是心有灵犀的，你我一世的承诺是禁得起时间考验的。亲爱的，七夕希望你我一起快乐渡过，你愿意吗？,4
传送的是深深问候，收到的是温暖心底，看到的是丝丝惦念，不见的是无尽牵挂，打开的是温馨祝福，读出的是甜美快乐。七夕节日快乐！一定要过的开心哦！,"4,5"
宁静的夜闻见你的深谷幽兰的芳菲，激起层层欢乐往昔涌上心头，岁月伴着歌声记忆一段年华，我的生活因你而缤纷无限。星汉璀璨，感动妙恋，七夕快乐！,4
这天我会买下所有玫瑰，这天我会对你许下爱的誓言，这天所有的恋人都会为你我送上祝福，因为今天是七夕，因为你我是独一无二的，还有就是我爱你亲爱的,4
七夕要来了，我变得不淡定了，白天工作充满了动力，晚上睡觉天天梦见你。此刻的我希望能牵着你的手一起等待着这天的到来，你我许下誓言，情人节快乐。,4
永永远远不停息的是我对你的爱，每一次对你的心跳，每一次的思念都在提醒着我，趁着七夕来临之间，送给你浓浓的情意和无限的幸福。亲爱的，七夕快乐。,4
爱一个人，可能不是喜欢她的外表，而是喜欢她的内涵。想着某人，不一定是思念她，还可能因为她欠你的钱没还。情人不一定要在七夕共度，相爱的两个人每天都是情人节,4
将心泊在爱情初见的港湾，悄悄把誓言刻在彼此的心田，用一缕红线将你我缠绕无论多远心无间，牵着你的手一起送走每一个黄昏迎来每一个黎明。七夕快乐！,4
我的浓浓相思如滔滔银河，我的绵绵思念连成一座心桥，我给你的礼物是漫天浪漫的红玫瑰，我想说今生我只爱你一个！有你在每天都是快乐的七夕情人节！,4
我选择的是你，我喜欢的是你，我承诺的人也是你。是你，让我这一生充满了希望，是你，让我对生活无悔无怨。我愿前世今生都能陪在你身边，宝贝七夕快乐,4
是你的笑点燃了我的热情，是你的关怀温暖了我的心，是你的爱滋润了我的生命。从离别时的痛苦，到此时你我欢声笑语是多么的不易，亲爱的，七夕快乐。,4
为了今天，你我在风雨中前行，在时间隧道中赛跑，和日月为伴。七夕终于来了，亲爱的，谢谢你，你幸苦了。对此，我对天起誓爱你千万变，待你如宝贝。,4
在我的生命中，因为缘分，遇上你让我有了非凡的一生，曾经的风风雨雨，曾经的欢声笑语，都永远铭刻在我心中，拥有你是我最大的幸福，亲爱的，七夕快乐,4
七夕情人节又到了。知道吗，拥有我，你天天都是七夕情人节！拥有你，我天天都是劳动节！如果我们两个在一起，天天都会是狂欢节！,4
爱情的数学，没有奇偶交替，只有成双成对；爱情的力学，没有正负相抵，只有万有引力；爱情的语法，没有第三人称，只有我和你。七夕节，真爱最无敌！,4
七夕，泪珠一行行，那是相思的泪水；七夕，星空一闪闪，那是牵挂的眼眸；看着周围景与物，想着七夕能共度；遥望佳人在远方，短信祝福来送上。七夕快乐,4
七夕的思念，如繁星点点；七夕的牵挂，如浪花朵朵；七夕的祝福，如清风缕缕。地球在公转，世界在改变，对你的爱永不变。七夕快乐！,4
你我鹊桥边，相对两无言，温情融天际，爱意永缠绵。,4
看时间一分一秒走过，任回忆一点一滴积攒，让我俩相互携手，感受生命活力，编织彩虹世界，分享快乐人生。祝你七夕情人节快乐！,4
千年等待，牛郎挚爱，保鲜永不坏，千年期盼，牛郎爱恋，幸福永不断，千年七夕，今夜如期，祝福要给妻，所有的情，所有的意，深情道声：老婆我爱你。,4
天不老，情难绝，鹊桥上我为你系上同心结！我爱你！,4
本有一丝牵挂，不能二目传情，辗转三思而定，只愿四海升平，哪想五更难眠，却又六腑思念，终遇七夕佳节，祝福八方相传，坦露九鼎真言，欲成十全美眷！,4
﻿天，因为有了阳光所以很蓝；地，因为有了春雨所以很绿；海，因为有了风儿所以很宽。心，因为有了你所以很美很美！七夕到了，祝爱情甜蜜！,4
人依旧，梦依旧，老公老婆情依旧；岁月变，青春变，你我夫妻心不变；天常蓝，水常清，你我感情永常青。七夕到了，祝您爱情甜蜜！,4
愿甜蜜伴你度过一天中的每一时，愿平安同你走过一时中的每一分，愿快乐陪你度过一分中的每一秒。七夕到了，愿你甜蜜平安快乐！,"4,5"
天空架起桥，那是爱的纽带。你看那喜鹊在为情人们歌唱。我想为你歌唱，让你的笑容如彩虹般灿烂！祝七夕快乐！,"4,5"
遇到你之前，世界是一片荒原，遇到你之后，世界是一个乐园，过去的许多岁月，对我像一缕轻烟，未来的无限生涯，因你而幸福无边。祝七夕快乐！,4
七夕到，让我们一起种下爱情树，用甜蜜、思念来灌溉，用幸福、快乐做化肥，让美满梨、欢乐桃、吉祥瓜、幸福果结满树梢，让幸福传递，生活微笑。,4
酸酸甜甜是爱情的滋味，苦苦涩涩是痛苦的回味，清清凉凉是秋风的抚慰，缠缠绵绵是想你的心扉。七夕佳节来报备，相约携手你作陪，幸福蔓延心儿飞。,4
日日夜夜盼今朝，七夕佳节话缠绵；朝朝暮暮催人泪，回回往往诉衷肠；点点红叶点点情，丝丝柔情丝丝意；翘首倚望天涯路，相约相守共甜蜜。,"4,7"
“七”是七月初七喜上喜，“夕”是情意浓浓要珍惜，“节”是相约相伴特殊节，“快”是心花怒放快乐颂，“乐”是喜上眉梢乐悠然。七夕情人节快乐！,"4,5"
山无陵，江水枯竭，爱你之心不变迁；天地合，冬雷夏雪，爱你之情不动摇；草木凋，天涯海角，相思之情不能少；携手伴，天荒地老，七夕佳节爱意浓！,4
一颗相思豆，悠悠心门叩。一丝相思念，痴痴真情候。一缕相思意，甜蜜来邂逅。一抹相思情，幸福四重奏。七夕送你：一点相思，一点甜蜜，一点幸福。,4
凡人与神仙，结成千古奇缘；天上与人间，谱写爱情经典；牛郎与织女，赢得世人赞叹。亲爱的！咱是普通人，不做牛郎织女，七夕节，我祝咱俩天天相伴！,4
七夕一年又一年，爱你的心从不变；情人一节又一节，对你的情始终如一；不管时空如何偷换，爱你永不疲倦；不管世事如何沧桑，永远守在你身旁。七夕快乐,4
漫漫岁月长又长，你我情意缠绵绵。闪闪银河长又长，你我心意总相投。鹊儿搭桥长又长，你我七夕喜相逢。幸福未来长又长，久久爱意在心头。,4
一年一度七夕日，牛郎织女鹊桥会。感天动地情深切，爱莫能助伤离别。你我凡间平常人，郎情妾意过一生。不羡鸳鸯不羡仙，安居乐业享团圆。,4
爱的歌声最开怀，爱的海洋最精彩。璀璨的银河，一颗星就是我对你的一份爱；浩瀚的宇宙，一粒尘就是我对你的一份情。七夕心相惜，愿你更美丽。,4
天上鹊桥见，人间今宵圆。月上柳梢头，人约黄昏后。七夕鹊桥见，情谊两绵绵。无语相见事，尽在不言中。,"4,7"
我为你写的剧本主题：信号。主角：我和你。舞台：手机屏幕。场景：又是七夕，我想着远方的你，拇指轻轻按出思念已发出，请开机接收！,4
没有你的天，不蓝！没有你的花，不艳！没有你的饭，不香！没有你的眠，不甜！亲爱的，情人节快乐！,4
思念的弯月一摇一摇，一端是我一端是你；牵挂的烛光一闪一闪，这边是我那边是你；爱情的银河，你是牛郎，我是织女，愿月月日日都七夕，分分秒秒相偎依,4
忠厚男人放牛郎，吸引织女下天堂。痴男怨女做夫妻，生有一双好儿女。私定终身不合法，触怒天庭家父母。捉走织女回天上，后面追来痴牛郎。担子挑着两儿女，夫妻儿女在一起。狠心王母有绝招，划道银河分夫妻。王母颁布有禁令，每年见面七月七。从此夫妻分两地，天上人间共悲凄。咱们人间多幸福，夫妻哪受这种苦。,"4,7"
爱热了，我用冰把它冻起来；爱冷了，我用火炉把它围起来；爱渴了，我用水把它浸泡起来；我精心呵护的爱，在七月初七带给你看，一定鲜活如初！,4
流星落了，那是天在哭了；雨水下了，那是我的思念涨潮了；月亮升了，那是你我的眼光交错了；人间的喜鹊飞了那是它们为爱的七夕致敬去了！,4
你是牛郎，我是织女；你去做饭，我来淘米；你去耕田，我来拉犁；愿为树枝，在天连理；愿做鸳鸯，水中嬉戏，无忧无虑，只为有你！,4
七夕七夕今非昔比，你我见面顺应天理；跨越银河此番壮举，多亏鹊仙搭桥成趣；你我好似牛郎织女，爱你之心，无庸质疑；默默心许：让我天天见你！,4
喜鹊见证了我们的爱情赶来搭桥；葡萄见证了我们的爱情忙来传言，银河见证了我们的爱情化做流星带去织女的心愿：牛郎，今日鹊桥见面要准时哦！,4
﻿古道西风瘦马，夕阳西下，断肠人在等你电话！,"1,4"
﻿今夜我们相处两地，玉簪银河隔不断卿卿之情，两地之遥阻不了郎情妾意，我俩亦有心灵相约的鹊桥！亲爱的，七夕之日，你知道我在想你么？,"0,4"
听说七夕这天恋人相互说句我爱你，就能在来年七夕不会分开，如果每年都说就永远不会分开。亲爱的，我爱你！,4
织女绣云锦，牛郎河西盼。鹊桥河间架，七夕终短暂。愿爱长相依，月儿永无缺。我欲银河逝，予两星永洁！,"4,7"
自从爱上你，心就放不下你，走路牵着你，累了背着你，天冷揣着你，天热顶着你，出门装着你！你呀你，让我没脾气，因为太爱你！七夕节里好想你！,4
七夕节要到了，你能送我件礼物吗？请把右手放在脸上，代替我轻抚你的脸；把左手放在心上，让我听见你想我的心跳！祝你七夕节快乐！,4
七夕节让我对你无限思念，将心泊在彩云升起的港湾，偷偷把幸福刻在你的心间，用一缕爱的丝线，将你我紧紧绑在岁月变迁的终点。亲爱的，祝你七夕快乐！,"0,4"
爱缠绵，心缠绵，与汝愿缠绵；爱了然，心了然，与汝难了然；今生虽已共白首，来世再续该生缘！七夕快乐！,4
银河的光亮也比不过我们爱情的灿烂，流星划过的印迹也比不过我们爱情的痕迹。想在七夕和你深情依偎在星空下，祈求你永远我身旁，祝你七夕快乐！,4
七夕节日快乐！让我们在牛郎织女相见之日相亲相爱吧！,4
七夕的日子，是我们重新开始的时候我爱你永远没有期限！我只想说一句你是我的奇迹！,4
今夕是何夕，古来有七夕。一对相思鸟，梦圆鹊桥会。,"4,7"
爱是牛郎织女痴情的等待，漫长的轮回，忠贞的相守。爱是你我绵绵的思念，幸福的拥抱，甜蜜的语言。七夕，爱的纪念日，爱你到永远。亲爱的，七夕快乐！,4
亲爱的，庆祝我们共同走过的第一个七夕节吧！无须艳羡牛郎织女鹊桥相会因为在我心中早有一座彩虹桥，牵引着彼此。,4
如果说牛郎和织女的相会需要鹊桥相助，那我们的相会只需电话联系，亲爱的，今晚见个面吧！,4
我告诉你，第一是我爱你，第二还是我爱你，第三仍是我爱你我爱你情人节快乐！,4
是你！是你！在我阴暗的心底开了个天窗，我获得爱情。七月七鹊桥相会，我俩的爱情恒久远！,4
亲爱的！爱你是我责任！我会在这里等着你！七夕的月亮也会为我们明亮！,4
今天是七夕，流水落花夏去也，斜风细雨乍秋寒，七月七，我想你，爱你！！,"0,4"
年年七夕，今又七夕。鹊桥横架，相思如雨。月华似练，千年不变。繁星点点，爱恋缱绻。水不可阻，山不可断，愿美好祝福永围你身边！,"0,4"
天有牛郞织女，地上金童玉女，唯吾与尔。,4
独自莫凭栏，千里江山，别时容易见时难。流水落花春去也，天上人间,"0,4,7"
在漫漫的人生中，我找到了你，是你给了我生存的信心，是你让我的生活从此不再平淡。我爱你！,4
守候星空盼星雨，数落星辰许星愿。星空星雨落千粒，星辰星愿现千回。遥祝远朋行安至，笑柔挚心有相知。,4
七夕如愿盼今朝，红叶香残怨可消。朝朝暮暮图永久，缠缠绵绵诉心焦。,"4,7"
上天又给我一个约你的借口，相爱的人儿，与你共渡，天天都是情人节。,4
七夕之夜星麻麻，看着水里鱼双双。想到了你心一酸，唯有想着当初情？,"0,4"
很感谢你给我了一生中最快乐的时光，今天是中国的情人节，祝我们俩永远相爱，白头偕老！深深的吻你！,4
月影光如昼，银霜茫茫；七夕会鹊桥，情意绵绵。仙花团锦簇，美景交融；仙鹊聚天桥，好生幸福！,"4,7"
织女不用敛蛾眉，前度牛郎今又回。鹊桥执手望泪眼，良晨美景不思归。,"4,7"
我在等属于我们的七夕之夜。你会来吗？我会等的！！！,"4,9"
我们不做牛郎织女，因为他们相距太远而相见又太短；我们要做我们自己，因为有你在我身边把我的心牢牢拽住！,4
相爱永远，相伴七夕，七夕就是我们爱的证明,4
柔情似水，佳期如梦，七月七日，牛郎织女，鹊桥相会，中国情人，曰为节日，共度七夕，天长地久。,4
织女绣云锦，牛郎河西盼。鹊桥河间架，七夕终短暂。愿爱长相依，月儿永无缺。我欲银河逝，予两星永洁！,"4,7"
无情的时空将你我分隔，但想你的心儿依旧难平，七七相见！,"0,4"
茫茫星河，我无法找到你的踪迹；漫漫长夜，你能否感觉我的思念？,"0,4"
我的心上人是个盖世英雄，我知道，总有一天他会身披五彩战衣，踏着鹊桥来接我，今天你能来吗？你的织女！,4
百雀筑桥，星梦传书，星语心愿，七夕与君长相伴！,"4,7"
你说不过洋人的节，今天是七夕中国人的情人节，哈哈躲不过了吧！,4
虽然这个情人节我不能和你一起度过，不能送给你早应该属于你的玫瑰花，但是我会用我对你的爱去浇灌这火红的玫瑰花，等你来拿！,4
有情之人，天天是节。一句寒暖，一线相喧；一句叮咛，一笺相传；一份相思，一心相盼；一份爱意，一生相恋。,"4,7"
亲爱的宝贝，情人节快到了，在这温馨浪漫的节日里，祝你青春永驻，爱情甜蜜。我爱你！,4
没有你的天，不蓝！没有你的花，不艳！没有你的饭，不香！没有你的眠，不甜！亲爱的，情人节快乐！,4
在一起的日子很平淡，似乎波澜不惊，只是，这种平凡的日子是最浪漫的，对吗？亲爱的，情人节快乐！,4
爱热了，我用冰把它冻起来；爱冷了，我用火炉把它围起来；爱渴了，我用水把它浸泡起来；,4
流星落了，那是天在哭了；雨水下了，那是我的思念涨潮了；月亮升了，那是你我的眼光交错了；人间的喜鹊飞了那是它们为爱的七夕致敬去了！,4
你是牛郎，我是织女；你去做饭，我来淘米；你去耕田，我来拉犁；愿为树枝，在天连理；愿做鸳鸯，水中嬉戏，无忧无虑，只为有你！,"4,7"
七夕到了，喜鹊排成队，乌鸦排成行，老鹰来观礼，连青蛙都来帮忙，呱呱呱呱地奏乐，祝福我们幸福安康、地久天长！,4
七夕七夕今非昔比，你我见面顺应天理；跨越银河此番壮举，多亏鹊仙搭桥成趣；你我好似牛郎织女，爱你之心，无庸质疑；默默心许：让我天天见你！,4
天空等待银河，等得很美丽。牛郎等待织女，等得很美丽。爱情等待幸福，等得很美丽。人生等待祝福，依旧很美丽。用一份美丽的心情祝你：七夕快乐！,"4,5,7"
七夕愿七喜：一喜天气晴朗；二喜心情愉悦；三喜出行平安；四喜身体健康；五喜亲朋和美；六喜工作顺利；七喜情人节快乐！,"4,5,7"
七夕到，送七喜，老婆祝你：喜从天降好运来，喜笑颜开好心情，喜出望外好彩头，喜气洋洋好生活，喜不自胜好幸福，双喜临门好喜庆，喜得丈夫好老公！收到七喜，还不穿的喜庆点和老公我约会去啊。,4
自从爱上你，心就放不下你，走路牵着你，天冷揣着你，天热顶着你，出门装着你，你呀你，我没脾气，因为太爱你！祝七夕快乐！,4
银河之上，亿万年的等待，亿万年的守候，在今夕，都化作了我对你的思忆，就在此时此刻，我把它化为一条小小的短信，来表达我那无以言表的爱意。,4
鹊桥边渡口旁我的表白：这世界有你的存在，注定了我的期待，思念陪我彩排，演出我对你的爱。逆风和花海同在，我依然不会改变，守候着你的青睐，我拥有了一世的慷慨。亲爱的，七夕快乐，爱你永远。,4
怎么会迷上你！我在问自己。你并不美丽，但你可爱至极。你可爱的就象芭比娃娃，没心没肺的，但是我爱你，就象老鼠爱大米、牛郎爱织女。七夕节里，把我你的牛郎哥牵回家吧！,4
七夕的月儿弯弯，恋人的情谊深深。七夕的星光闪闪，情人的心儿切切。七夕的银河璀璨，为牛郎织女喝彩。七夕节我对你说，爱你年年岁岁永远不分离。,"4,7"
花最浪漫的事，彼此妖娆绽放；叶最浪漫的事，彼此并肩芬芳；心最浪漫的事，彼此齐眉微笑；爱最浪漫的事，彼此慢慢变老；我最浪漫的事，七夕与你共度。,"4,7"
七夕到，鹊桥架，牛郎织女见面啦。你和我，在一起，相恋也有一年整。牛郎织女情忠贞，我俩爱情比海深。牛郎织女银河渡，我俩何时成家人？愿我们早成眷属！,"4,9"
亲爱的织女：七夕情人节将至，愿我们高举中国特色痴情主义伟大旗帜，发扬鹊桥相会优良传统，保持二人世界爱情在线，携手开创爱情新局面。牛郎敬上。,"1,4"
本人想应聘老公一职位！专业：疼老婆科。特长：洗碗刷锅。能力：爱你没说。薪资要求：你的真心一颗。合同期：永不退货。呵呵呵，祝我家宝贝七夕快乐。,"1,4"
七夕愿七喜：一喜天气晴朗；二喜心情愉悦；三喜出行平安；四喜身体健康；五喜亲朋和美；六喜工作顺利；七喜情人节快乐！,"4,5,7"
七夕，牛郎织女终于相见。牛郎：亲，俺想你！织女怒道：都一年没见了，你就不能和我多说点话吗？牛郎：亲，一年不见，你胖了，但是俺还是想你！,4
七夕将至，心与心相约，思念把距离变短；情与情相约，痴情让笑容更甜；梦与梦相约，融进唯美的爱恋；你与我相约，今生不离不散。约你，好吗？,4
假如没有云彩，天空就会寂寞；假如没有天空，云也无处停留；假如爱上你是错的，我不想对，假如放弃你是对的，我情愿错一辈子！亲爱的，七夕快乐！,4
牛郎和织女相爱，只能短暂相会在七月七；鸟儿和鱼儿相爱，他们只能伤心地分离；蓝天和白云相爱，将天空打扮得更加美丽；我和你相爱，将演绎人间的幸福传奇。亲爱的，7夕节到了，我好爱好爱你！,"4,7"
今日七夕，我追了只喜鹊，奔上了天，跨过银河，去倾听牛郎织女的甜言蜜语，牢记在心底，令爱传遍在天地，让我悄悄告诉你，请捂好手机：我爱你！,4
爱情的数字，没有奇偶交替，只有成双成对；爱情的力学，没有正负相抵，只有万有引力；爱情的语法，没有第三人称，只有我和你。七夕节，真爱最无敌！,4
你是烟，我是火，你需要，我不躲；你是花，我是肥，你美丽，我跟随；你是船，我是帆，你启航，我领先；你是菜，我是饭，你牺牲，我陪伴；七夕要快乐！,"1,4"
七夕的夜空灿烂无边，七夕的鹊桥柔情万千，七夕的情怀缠缠绵绵，七夕的你我爱意连连，亲爱的，七夕到了，我愿陪着你一直到老。,"4,7"
你的笑容，让我沉沦；你的温柔，让我深陷；你的体贴，让我着迷；你的调皮，让我迷恋；你的娇俏，让我眷恋；你，就是我的一切。七夕到了，要幸福哦！,"4,7"
或早或晚，能够遇到你就好；或风或雨，能牵着你的手就好；或多或少，你能在乎我就好；或苦或乐，我们在一起就好。七夕节，亲爱的，你若安好，就是晴天。,"4,7"
没人时胆大，女朋友在时，胆小；一人时胆大，老婆在时，胆小；上班时胆大，回家时胆小；平时胆大，过节时胆小；今天不用问，肯定胆小，祝老婆大人七夕快乐！,"1,4"
﻿明月皎皎银河灿，女郎织女心相连。共度鹊桥情无边，一生一世永爱恋。你我今生把手牵，共话七夕心缠绵。白首同心在一起，浓情真纯甜如蜜。七夕快乐。,"4,7"
天上神仙不羡慕，只慕人间好伴侣。两个人分担的痛苦是减半的痛苦；两个人分享的快乐是成倍的快乐。我愿伴你吃苦，陪你幸福。祝七夕快乐！,4
七夕愿“妻”“惜”：珍惜好身体，健康属第一；珍惜好情绪，生气本无益；珍惜好生活，知足添快意；珍惜好老公，有缘才相聚！亲爱的，七夕节快乐！,4
我们就是抛物线，你是焦点，我是准线，你想我有多深，我念你便有多真。零向量可以有很多方向，却只有一个长度，就像我，可以有很多朋友，却只有一个你，值得我来守护。七夕到了，祝情人节幸福快乐！,4
你我自相识，心头甜如蜜。彼此都信任，相互诉衷肠。满脸飞红霞，心底起波澜。情自心头生，爱意两相悦。今日七夕到，相约沐月光。喜看鹊桥会，你我情依依。,"4,7"
花开花谢有绿叶相伴，月升月落有星辰相随，不离不弃有七夕相伴，七夕到了，对你许下真爱的誓言：今生与你相伴无悔，相随永远，不离不弃。,4
对你，我已经无条件投降了。情人节就要到了，你就签下爱情合约吧！不然没人要我了！我已准备好将权利减半、义务倍增，100全情投入爱你一辈子了！,4
苦涩是甜蜜的一半，烦恼是开心的一半，不幸是幸运的一半，失去是得到的一半，你是我生命的一半。七夕中国情人节到了，愿我亲爱的伴儿幸福快乐！,"4,7"
不要太依赖我，因为我不是你可以依赖的，不要太期望我，因为期望你会失望，七夕，我已佳人有约，知道你会伤心，就告诉你我的佳人正在看短信奥，嘿嘿，爱你，七夕快乐奥！,"1,4"
天将降爱人于斯人也，必先动其心志，劳其筋骨，吊其胃口，油其嘴，滑其舌，甜其言，蜜其语，然后勾搭成功，双栖双飞。七夕将至，爱你是我的福气。,"1,4"
天上神仙不羡慕，只慕人间好伴侣。两个人分担的痛苦是减半的痛苦；两个人分享的快乐是成倍的快乐。我愿伴你吃苦，陪你幸福。祝七夕快乐！,4
一秒钟可以让我想起你！一分钟可以令我牵挂你！一整天可以使我惦记你！一辈子足够让我守护你！就算是一条短信也能帮我告诉你：想你了，七夕快乐！,4
今日芬芳扑鼻，缭绕情的味道；今夜银河灿烂，闪烁爱的光华；此刻心潮澎湃，两心缱绻依依；此生爱你不变，白首同心绵绵。七夕到了，我们的爱海枯石烂。,"4,7"
七夕织女请俺在银河边散步，俺没答应！中秋嫦娥请俺参观月宫，俺也没答应。俺拒绝了仙女的诱惑留在人间，为了能对你说声：情人节快乐！,"1,4"
那一年，你青春如花，我年少轻狂；那一年，你纯洁美丽，我有情有义；那一年，阳光浪漫，花开灿烂。七夕将至，不管过去还是现在，对你的爱永不改变。,4
清风明月，交织丝丝浪漫；喜鹊翩翩，搭建爱情鹊桥；星光点点，成全牛郎织女；爱意深深，表白真心爱恋：七夕情人节，爱你一辈子，永远不分离！,4
沐浴七月的阳光，聆听七月的蝉叫，观赏七月的燕雀盘旋，我想对你我最亲爱的人说：你在我身边的时候，你是一切；你不在我身边的时候，一切是你。,4
梦寐中有你的笑声，白昼里有你的身影。小溪里有你的欢歌，广场上有你的舞姿。你我双双翩翩飞，一生对对时时伴。七夕情人节：愿我俩鸳鸯齐飞爱永远。,4
人海深深深几许，你的美丽让我无法抗拒；情路深深深几许，痴情心底弥漫相思之曲；星空深深几许，直叫人把一颗芳心暗许；七夕深深深几许，愿与你低吟爱情的絮语。亲爱的，七夕快乐。,"4,7"
七夕七月七，七七14世代表一生一世的爱你，七七4厮9代表与你长相厮守到天长地久，七七1代表一心一意的对你，七七0代表敞开心扉，零秘密，零距离，七夕之际说一声：“妻，爱你”！,4
明月皎皎照星汉，银河灿灿恨无边。七夕到来鹊桥建，牛郎织女永爱恋。你我今日心相连，七夕之夜情缠绵。白首同心永不变，幸福生活比蜜甜。祝七夕快乐无限！,"4,7"
七夕要到了，这一天我要采一片天上的云彩，摘下那雨后七彩的虹，融入我对你的浓情蜜意，制作成一个平安符，永远伴随着你，让你平平安安度过每一个七夕，快快乐乐的陪我走过我们人生的每一个旅途！,4
你收到此短信，阅读要与我约会，删除要与我拥抱，转发要与我亲吻，储存要与我共进烛光晚餐。七夕节到了，究竟该怎么办，你自己看着办喔！,"1,4"
今生能够遇到你，是缘，是份，是一生不变的情分。七夕节即将到，虽然没有多么浪漫的设计，和动人的话语，但是我那颗爱你到老的心，是永远都不会变的。,4
七夕的银河更璀璨，七夕的鹊桥渡神仙。我俩相会荷塘边，心心相印情无限。牛郎织女我不羡，恩恩爱爱赛神仙。今生只愿与你伴，开开心心到永远。祝七夕节快乐！,"4,7"
﻿﻿大手牵小手，快乐一起走，小脚印大脚，步步到白首，大眼望小眼，望穿天地间，小肩靠大肩，我们肩并肩，七夕节，约个会，甜蜜生活我们会学会。,4
幸福很近，仅有离我和你一个转身的距离，爱情很近，就在我拉起你的手那一瞬间，听到我的心里跳动了吗？一切的生命之为你不息。亲爱的，七夕幸福快乐。,4
天若有情天亦老，假如天有情，如果梦会灵，就让我的心爱到彻底，我对你的爱已无法说明，就像风吹不息，雨打不停，此情不渝，七夕快乐。,4
把浓情写在初秋的七夕，让云儿飘荡着思念的情意，让风儿传递着永恒的惦记，让月儿照波动着牵挂的涟漪，让鹊儿带来着祝福的真挚。七夕快乐。,"4,7"
人海中，你偶然回顾，我思念，朝朝暮暮。飞星传情，鹊桥铺路，将相思海横渡。静水流深，语浅情真，七夕遥把爱恋诉，愿牵手一生幸福共舞。,4
你是我甜蜜的思念，交织在脑海；你是我灿烂的回忆，定格在天边；你是我深情的衷曲，演绎在心田。七夕到了，期盼共度佳节快乐相伴，不知我可否如愿？,"4,9"
爱是一罐糖果，让我们变成小孩，甜甜蜜蜜亲亲我我；爱是一条弧线，让我们连成小圆，圈圈圆圆天天年年；七夕，你我吃着糖果唱着江南，爱在江南烟雨中。,4
你我相遇在今朝，七夕明月来相照。天生牛郎织女会，人间真爱来寻找。不怕银河路迢迢，鹊桥相会甜蜜绕。只愿今生与你伴，七夕之夜乐淘淘。祝七夕快乐！,"4,7"
想你不止现在；念你不止朝夕；思你不止昼夜；恋你不止春秋；爱你不止岁年。拥有你，是我最大的幸福；陪伴你，是我最大的满足。七夕节快乐！,4
爱情的力学，没有正负相抵，只有万有引力。爱情的数学，没有奇偶交替，只有成双成对。爱情的语法，没有第三人称，只有我和你。七夕节，真爱最无敌！,"4,7"
天界舞流萤，牛郎夜点灯。鹊桥七夕下，偎语到天明。银汉浅且清，隔水渡疏星。半个七夕月，添烛照天明。天不老，情难绝，鹊桥上你我系上同心结！,4
爱是一种缘分，即使分离也会觉得心醉；爱是一种感受，即使痛苦也会觉得幸福；爱是一种体会，即使心碎也会觉得甜蜜；七夕将临，愿心爱的人快乐幸福！,"4,7"
金风玉露相逢际，牛郎织女盼七夕，鹊桥两畔是希冀，心与心跨越阻力，锦绣爱的圣洁炫丽，我似牛郎的孤寂，期盼鹊桥也能搭进你心里。你可知我恋你，短信表心意。,"4,7,9"
牛郎打心底是喜欢织女的，不然也不会生两个娃；织女打心底是喜欢牛郎的，不然早就改了嫁；我打心底是惦着你的，不然短信不会发，七夕祝你幸福乐开花！,"4,5"
爱是牛郎织女痴情的等待，银河两畔遥遥相望不离不弃；爱是你我真情的相守，彼此关怀执子之手与子偕老！七夕到来之前，想对你浪漫的说三个字：我爱你！,4
爱你，是一种发自心底的幸福，像清风般细腻，像花香般甜蜜，像高山般稳健，像溪流般欢乐，像白云般恬淡，今日七夕，给你至死不渝的爱。,"4,7"
星空下，葡萄架，相约叙桑麻。流星雨，许愿墙，花移影成双。银河上，鹊桥中，牵牛织女情。七夕里，甜蜜蜜，相拥我和你。祝福在七夕，开心又美丽！,"4,7"
七月七日长生殿，夜半无人私语时；七夕时节阳光照，快乐时刻祝福到。在天愿做比翼鸟，在地愿为连理枝，不羡帝王不羡仙，只羡鸳鸯在人间。七夕快乐！,"4,7"
爱，有千种情绪，万种表达，百合花、郁金香、情人草、送给情有独钟的你，七夕一束鲜花，一个吻；甜甜一笑来自一束鲜花；妻，祝你七夕妻嘻。,4
思念的弯月一摇一摇，一端是我一端是你；牵挂的烛光一闪一闪，这边是我那边是你；爱情的银河，你是牛郎，我是织女，愿月月日日都七夕，分分秒秒相偎依。,4
天气多变，对你的眷恋不变；工作劳累，对你的牵念不疲惫；距离遥远，与你的心却相连；很久没有见面，对你的爱恋却难冲淡。七夕节，祝我们姻缘圆满。,4
当我触碰到你手的那一刻，幸福充满了世界的每个角落，像一只迷路的蒲公英般终于找到了安定，你就是我的天堂，是我生活的阳光。七夕了，愿你七夕快乐！,4
房价上涨，牛郎织女无处安家，还好国家政策调控，房价有所回落，牛郎织女才能租了鹊桥一片地，两情终于在离别后相悦！献给同漂泊在外的你：七夕快乐,4
牛郎和织女相爱，只能短暂相会在七月七；鸟儿和鱼儿相爱，他们只能伤心地分离；蓝天和白云相爱，将天空打扮得更加美丽；我和你相爱，将演绎人间的幸福传奇。亲爱的，7夕节到了，我好爱好爱你！,4
牛郎织女鹊桥相会，一年才聚一次；热恋男女热情相拥，一秒都不愿分开；无论何种阻隔只要心里都怀着深深的爱意，相信闭着眼睛也能看见心爱的人！,4
我已办好缘份签证，领到爱情护照，将于浪漫七夕从鹊桥航空港出发，搭乘幸福航班，飞越茫茫银河，前往爱的国度。机票有两张哦，等你不见不散！,4
炎热渐渐靠近，才发觉七夕也悄然而来，这一刻什么都可能忘记，惟独忘不了的是向你轻轻地说声：你快乐，我就开心，祝每天快乐！,"4,5"
甜蜜的时光，刻在心田；幸福的歌声，无尽绵延；七夕的故事，传颂千年；爱你的情感，天天年年。七夕情人节到了，愿和你牵手到白头。,"4,7"
天上人间度七夕，郎情妹意甜如蜜。此生有你是幸事，加倍呵护珍惜你。服从命令听指示，洗衣做饭会牢记。今生我们在一起，疼你爱你记心底。亲爱的，七夕快乐。,"4,7"
灿烂鲜花能开多久？天空云彩能飘多久？浪漫细雨能下多久？甜蜜笑容能挂多久？就要到七夕佳节，要问我爱你有多久，短信现在对你说：心跳有多久爱你到多久！,4
今日又是一七夕，牛郎织女鹊桥会。执手相看泪花滴，情爱绵绵无绝期。你我约会在今夕，要学古人情不移。亲爱的，让我们相爱到老，快乐不息！,4
星不语，衬托出月的情谊；风不语，拂动出水的韵律；叶不语，搭配出花的柔情；云不语，点缀出空的神秘。七夕将至，爱不语，却载满祝福敲响你的手机。,"4,7"
娇嫩小手，在生活磨砺中更诱人；青春脸庞，在岁月滋润中更美丽；快乐心情，在婚姻殿堂里更充实。七夕将至，不管你如何改变，爱你的心永不变。,4
千年等待，牛郎挚爱，保鲜永不坏，千年期盼，牛郎爱恋，幸福永不断，千年七夕，今夜如期，祝福要给妻，所有的情，所有的意，深情道声：老婆我爱你。,4
亲爱的，把耳朵放在手机上，听到我的心跳没有，把脸放到手机上，感受到我的吻了吗，把心放在手机上，知道我有多想你了吗，七夕到了，愿你‘七夕快乐’。,4
你的笑容，让我沉沦；你的温柔，让我深陷；你的体贴，让我着迷；你的调皮，让我迷恋；你的娇俏，让我眷恋；你，就是我的一切。七夕到了，要幸福哦！,"4,7"
白云朵朵，描绘梦想；苍穹蓝蓝，相约翱翔；风儿吹吹，思绪乱飞；雨儿飘飘，落入心间；相思苦苦，爱意浓浓；七夕佳节，爱你永久。祝七夕愉快！,"4,7"
爱你的心从不变，情人一节又一节，对你的情始终如一；不管时空如何偷换，爱你永不疲倦；不管世事如何沧桑，永远守在你身旁。七夕快乐,4
亲爱的，给你猜个谜。26个英文字母拿走一个还剩几个？25个吗？！24个！因为不能离开，不见了，也不见了。亲爱的七夕节来了，我希望和永永远远不分开！,4
七夕情人节到了，你想我吗？把手机贴近你的胸口，让我听听你的心跳，看你是否在撒谎，然后请摸摸你的胳膊，记住了吗，下次再让我生气，我还咬你。哼。,"1,4"
七夕到了，送你一万个祝福，情人节快乐。重复一万次，亲爱的，别嫌我嗦，谁让我那么中意你呢。情人节快乐！,4
为了你这枝名花，我甘为一方沃土，受尽践踏之辱，皮肉之苦，只愿成为你唯一的领主。七夕情人节，希望你的心归我所属，同时也祝所有的有情人终成眷属！,"4,9"
﻿大爱小爱，你就是我的白菜，永远存在；热爱冷爱，你就是我的胸怀，永远敞开；可爱亲爱，你就是我的鲜奶，永远依赖。七夕快乐，情人节快乐！,4
情人节的礼物是玫瑰，绽放着我的沉醉，中秋节的礼物是明月，光辉着心的圆缺，今天的礼物是心意，主角是我和你，动作是亲你，爱你，祝福在七夕。,4
靓影荡舟芦苇中，情人相伴青沙丛。太阳看见云中藏，月亮听见半遮面。爱你到天荒地老，想你到天涯尽头。七夕节：爱你百年不后悔，银河繁星来见证。,4
不必太浪漫，平淡就好。不用太奢华，知足就好。不要太挑剔，用心就好。只要我们深深相依，静静相伴，相知相爱，和你在一起的每一天都是七夕就好。祝我的爱人天天快乐！,4
银河的一边是织女，一边是牛郎，每逢七夕有鹊桥，鹊桥相会；时空的这边是我的思念，那边是你的思念，每当念起有信息，短信传我情。幸福七夕有你有我！,4
天涯海角几多愁，何以解忧愁？千山万水飞难渡，何处离情诉？又到七夕，漫天的星光，好似你那明眸善睐的眼，此刻，我郑重地写下：爱你，无怨无悔！,"4,7"
雪纷飞，天地圣洁心期待；燕归来，春意融融思念种；花盛开，骄阳难挡情葱茏；七夕到，银河灿烂爱翩翩。把你让在心田，今生不会改变。亲爱的，七夕快乐。,"4,7"
﻿星光灿烂，夜柔似水，七夕佳期如梦。迢迢银河延续着传奇，点点纤云承载着爱意。对你的爱恋深似海，对你的祝福永不改。七夕快乐！,4
不是玫瑰花才能代表爱情，不是每个节日都叫七夕节，不是每对男女都能成情侣，不是朝夕相对才叫珍惜。愿远方我挚爱的你，七夕节快乐！,4
点点飞星传情，片片纤云弄巧，脉脉月华如练，悠悠又见鹊桥。天淡银河垂地，相思无计回避。纵然千山万里，寄我心中情语：爱你永不变，七夕愉快！,"4,7"
风不干的，是思念；饮不醉的，是挂牵；赏不完的，是风景；忘不了的，是情意；丢不掉的，是你；说不够的，是爱。七夕风光美，与你永相随。,"4,7"
一晃又到七夕，说真的，特别想你！还记得我去年带你去的那片草地吗？不知道现在是否绿草茵茵，等有时间了，我还带你。不过去了只准吃草，不许拱地哦！,"1,4"
在最美的夜里想你，在最深的呼吸中念你，在最惬意的时候感受你，在最失意的时候知道，这个世界有你就已经足够。情人节快乐！,"4,7"
爱你，是一种发自心底的幸福，像清风般细腻，像花香般甜蜜，像高山般稳健，像溪流般欢乐，像白云般恬淡，今日七夕，给你至死不渝的爱。,"4,7"
七夕的鹊桥弯弯，恋人缠绵；七夕的情韵悠扬，星河灿烂；七夕的花香芬芳，相思绵绵；七夕的情缘继续，爱你无边。愿你七夕快乐。,"4,7"
夕节到了，送你一朵花表示我想你了，送你两朵花，表示我很想你，送你满山遍野的花：还不快跑啊，大黄蜂被引来了。七夕节快乐。,"1,4"
点点飞星传情，片片纤云弄巧，脉脉月华如练，悠悠又见鹊桥。天淡银河垂地，相思无计回避。纵然千山万里，寄我心中情语：爱你永不变，七夕愉快！,"4,7"
你在河那头，我在河这头，思念埋于心头；你在桥那头，我在桥这头，喜悦涌上心头；爱连这头，情连那头，你在我心里头。亲爱的，七夕到了，我们裸婚吧！,"4,7"
在最美的夜里想你，在最深的呼吸中念你，在最惬意的时候感受你，在最失意的时候知道，这个世界有你就已经足够。情人节快乐！,4
不羡七夕鹊桥神仙，因为有你在我身边。心地善良，美若天仙。情相宜，爱无边。一点一滴印证我们的爱情宣言！且让它永世流传，在天上人间。,4
今天我来加温，热爱；今天我来保鲜；鲜爱；今天我来滋润，润爱；今天我来呵护，护爱；今天我来问候，真爱；今天我来祝福，福爱。今天祝我们七夕快乐！,4
脆弱是坚强的一半，泪水是欢笑的一半，苦难是幸福的一半，苦涩是甜蜜的一半，你是我生命的一半。七夕节，愿我亲爱的伴儿平平安安、幸福快乐！,"4,7,11"
【祝】英台配梁山泊，【你】我牵手幸福握，【七】仙董永古今说，【夕】阳虽短不蹉跎，【如】若再有来世活，【意】欲再将你收获！祝：七夕快乐！,"4,7"
你是火车我是铁路；你是砖瓦我是泥巴；你是云我是风；你是巧克力我是包装纸；你是爱我是情，有你真精彩。,4
如果青蛙没有变成王子如果公主没有醒来如果小人鱼没有化作泡沫我还会相信爱情吗相信因为还有你在我的身边。茫茫人海，凭你的名字导航；凄凄寒夜，握你的名字取暖；漫漫人生，携你的名字同游。,"1,4"
世间本无沙漠，我每想你一次，上帝就落下一粒沙，从此便有了撒哈拉！这世界本来没有海，只因为我每想你一次，上帝就掉下一滴眼泪，于是就有了太平洋。,4
如果爱你是一种错误的话，那我情愿错上加错，哪怕错一辈子！,4
如果说牛郎和织女的相会需要鹊桥相助，那我们的相会只需电话联系，亲爱的，今晚见个面吧！,4
昨晚又是一个无眠夜，因为想你。“独自莫凭阑，无限江山，别时容易见时难。何时才能见到你呢，我的爱人？,"0,4"
当你看到这条短信息时，你已经中了猛烈无比的爱毒，唯一的解药就是嫁给我，不用考虑了，咱们结婚吧！,4
长相思，晓月寒，晚风寒，情人佳节独往还，顾影自凄然。见亦难，思亦难，长夜漫漫抱恨眠，问伊怜不怜。,"0,4,7"
人生总免不了老去，但我永远会记起与你的美好时光和温情岁月。人生路上祝你拥有灿烂的心情和长长的未来。,4
星月不误，因为你已离去；清风不语，因为我在哭泣；我也不语，因为还在想你。,"0,4"
在错的时间遇上对的人，是一场伤心；在对的时间遇上错的人，是一声叹息；在对的时间遇上对的人，是一生幸福。,"4,11"
古道西风瘦马，夕阳西下，断肠人在等你电话！,"1,4"
情人节，我愿做一条鱼，任你红烧、白煮、清蒸，然后躺在你温柔的胃里。,"1,4"
爱你不是目的，目的是爱死你！爱你不是目的，目的是爱你一辈子！,"4,11"
对你的思念太重，压断了电话线，烧坏了手机卡，掏尽了钱包袋，吃光了安眠药，哎！可是我还是思念你。,"0,1,4"
爱是什么？爱是遮雨的伞，清凉的风，雪中的碳，搀扶的手，温馨的话和幸福的泪。能够遇到你是我今生最幸运的事；能够得到你的爱是我今生最快乐的事；能够和你相守一生是我最幸福的事。,"4,11"
在你空闲的时候，抬头看看天，一轮月亮，是我看你的眼睛，月边朦胧的云影，是织女亲手为牛郎绣的屏风！,"4,11"
生命因你而美丽，你为生命而自豪，珍惜现在的拥有，呵护拥有的现在，相信世界上的一切都很美好，你的心会笑容满面的！,"4,5,11"
爱你是我一生无悔的决定，漫天星星都是我注视你的眼睛。无论结局如何，我都知道：此生最爱是你情人节快乐,"4,11"
最想听到的是你的笑声，最想看到的是你的快乐，愿幸福永远陪伴你，这是我最真心的祝福,"4,5,11"
在我的爱情世界里，你就是我的唯一。谁叫我爱的就是你。在没有发现的时候,"4,11"
在漫漫人生的旅途上，我们差点擦肩而过，是你轻轻的拉住了我的手，真希望这双温暖的手永远牵着我,"4,11"
如果说牛郎和织女的相会需要鹊桥相助，那我们的相会只需电话联系，亲爱的，今晚见个面吧！,4
昨晚又是一个无眠夜，因为想你。“独自莫凭阑，无限江山，别时容易见时难。何时才能见到你呢，我的爱人？,"0,4,11"
独自莫凭栏，千里江山，别时容易见时难。流水落花春去也，天上人间你想我吗,"0,4"
牛郎想请织女吃晚饭，不知织女有没有空？,"1,4"
从见你的第一眼开始，我就发现终于找到我的另一半了，我要给她一生的幸福从未动摇过，我坚信一生不动摇，情人节快乐，快乐情人节,"4,11"
当你看到这条短信息时，你已经中了猛烈无比的爱毒，唯一的解药就是嫁给我，不用考虑了，咱们结婚吧,"1,4"
当阳光还没爬上布满蔓藤的篱笆，我的红玫瑰早已迫不及待的缀满了你的窗台。让它带给你我最真挚的祝福：祝你情人节快乐,"4,11"
给爱一张不老的容颜，让相爱过都终身不变给爱一个不悔的誓言，让相爱过都彼此思念给爱一片辽阔的蓝天，让那真爱充满人间。,"4,11"
好希望陪着你一直到老，让你做我手心里的宝。,"4,11"
别让我的梦醒得太早，如果真情和诺言变得不在重要，这世上还有什么值得我去寻找！爱我一生一世好不好？,"4,11"
左手刻着我，右手写着你，心中充满爱，当我们掌心相对，心心相印时，所有的人都会看到我爱你,"4,11"
以前，我不知道这个世界上还有你。后来，我在这个世界上寻找你。现在，我决定一辈子只爱你。,"4,11"
我要让巧克力的浓香围绕你，让玫瑰花的清香萦绕你，让节日的烟花照耀你美丽的面庞，当烟花绽放的那一刻，你会在上面看到我用心为你写下的三个字“我爱你”，亲爱的，情人节快乐。,"4,11"
我们徜徉过的小树林，我们观赏过的蓝色黄色粉红色的花朵，一切的一切，仍然依旧。你什么时候回来，我们一起再同游,"0,4,11"
你的过去我来不及参与，你的未来我不会再错过真诚之中，与你相识相知灵犀之间，与你朝夕相伴。,"4,11 "
初恋是雾，你是雾中的玫瑰，隔着青纱看你，叫我心醉,"4,11"
好想朝朝暮暮，更想天长地久。思念悠悠，爱意浓浓。,"4,11"
天变、地变，我对你的情不变，上天让你我有缘相见，只想对你说一句爱你直到永远。,"4,11"
爱加爱等于非常的爱，爱减爱等于爱的起点，爱乘爱等于无限的爱，爱除爱等于爱的唯一。或许对于你来说，我的出现只是你生命中的1001101。但对于我来说，你的出现在我生命中却是011的算式。,"4,11"
爱你就是这么莫名其妙，就是这么义无返顾，我知道我不会是你今生的唯一，但你却是我一生的最爱祝你情人节快乐,"4,5,11"
我无法保证、无法向你承诺什么，但我会做到：如果有一天你有饥饿的感觉，那时你定会看到，我已含笑饿死在你的怀抱中。,"4,11"
酸醋麻酱油里有我们美味的生活，油盐酱醋茶里有我们平淡的真情，锅碗瓢盘里有我们简单的幸福，除却了虚无的浪漫，我们拥有了是爱的真谛！,"4,11"
我的相思织成网，我的真情搭成桥，我的承诺化做风：无论银河是多么宽阔，都不能阻止我们的心灵的交融！,"4,11"
做一艘小船，让它载着我思念的心，划向远方的你，送上我温柔的吻，解开你眉间的忧，赶走你心中的愁,"0,4,11"
最远的是山，最近的是心，隔着山水相望，不如真实地靠近，爱你，决定嫁给你,"4,11"
相爱永远，相伴七夕，七夕就是我们爱的证明！,4
柔情似水，佳期如梦，七月七日，牛郎织女，鹊桥相会，中国情人，曰为节日，共度七夕，天长地久。,4
我无法保证、无法向你承诺什么，但我会做到：如果有一天你有饥饿的感觉，那时你定会看到，我已含笑饿死在你的怀抱中。,"4,11"
爱加爱等于非常的爱，爱减爱等于爱的起点，爱乘爱等于无限的爱，爱除爱等于爱的唯一。或许对于你来说，我的出现只是你生命中的1001101。但对于我来说，你的出现在我生命中却是011的算式。,"4,11"
喜鹊见证了我们的爱情赶来搭桥；葡萄见证了我们的爱情忙来传言，银河见证了我们的爱情化做流星带去织女的心愿：牛郎，今日鹊桥见面要准时哦,4
喜鹊见证了我们的爱情赶来搭桥；葡萄见证了我们的爱情忙来传言，银河见证了我们的爱情化做流星带去织女的心愿：牛郎，今日鹊桥见面要准时哦！,4
亲爱的，庆祝我们共同走过的第一个七夕节吧！无须艳羡牛郎织女鹊桥相会因为在我心中早有一座彩虹桥，牵引着彼此,4
遇见你是偶然，喜欢你不是突然，爱上你却是理所当然，天天想你是习惯成自然。,"4,11"
七月七日长生殿，夜半无人私语时。在天愿做比翼鸟，在地愿为连理枝。,"4,7"
你是我一切的出发点，想从你身边走出一条射线，却画了一个圆，才明白，你就是我生命中的圆心！,"4,11"
﻿﻿﻿遇上你是偶然，喜欢你不是突然，爱上你却是理所当然，天天想你是习惯成自然。,"4,11"
七月七日长生殿，夜半有人私语时。在天愿做比翼鸟，在地愿为连理枝。,"4,7"
﻿你是我一切的出发点，想从你身边走出一条射线，却画了一个圆，才明白，你就是我生命中的圆心！,"4,11"
七夕！牛郎织女相会的日子，我是多么的盼望你的出现呀！情人节快乐,"0,4,11"
在漫漫的人生中，我找到了你，是你给了我生存的信心，是你让我的生活从此不再平淡。我爱你！！！！,"4,11"
你是我最简单的快乐，认识你是我这辈子最美好的事，我爱你是我最想对你说的。,"4,11"
情是心中的向往，是感觉的共鸣，是灵感的碰撞，是电光的闪耀，是甜蜜的琼浆，是醉人的纯酒。祝你情人节快乐！,"4,11"
看到你，我怕触电；看不到你，我需要充电；如果没有你，我想我会断电。爱你是我的职业，想你是我的事业，抱你是我的特长，吻你是我的专业！,"4,11"
好想做你的手机，揣在你怀里，捧在你手里，看在你眼里，记在你心里！,"4,11"
宝贝：最近我牙齿痛，因为常常晚上想你，那感觉太甜蜜了，会蛀牙。,"4,11"
你的微笑是一首歌，青春的恋歌。那优美的旋律，经久不息地回荡在我的心谷与脑海,"4,11"
你那一瞥，像一股晶莹的泉水流注我的心头，它比诗还深远，比画还优美，恰如我生命的一个新世纪的早晨。,"4,11"
前世的五百次回盟，才能换来今生的与你相逢，如果是真的我原用一万次去换与你的相爱，告诉你：我真的好爱你,"4,11"
情人节不能一起度过，不能送给你早应该属于你的玫瑰花，但是我会用我对你的爱去浇灌这火红的玫瑰花，等你来拿,"4,11"
情深深，雨蒙蒙，214送祝福要快乐，要幸福，爱情火焰烧心头感情一浪高一浪，彼此携手永长久。情人节，亲爱的祝你节日快乐。,"4,11"
你的过去我来不及参与，你的未来我不会再错过！真诚之中，与你相识相知；灵犀之间，与你朝夕相伴。,"4,11"
知道我在做什么吗？给你五个选择：想你：很想你：非常想你：不想你不行：以上皆是。,"4,11"
我无法保证、无法向你承诺什么，但我会做到：如果有一天你有饥饿的感觉，那时你定会看到，我已含笑饿死在你的怀抱中。,"4,11"
爱加爱等于非常的爱，爱减爱等于爱的起点，爱乘爱等于无限的爱，爱除爱等于爱的唯一。或许对于你来说，我的出现只是你生命中的1001101。但对于我来说，你的出现在我生命中却是011的算式。,"4,11"
爱是牵挂，爱是奉献，是思念的痛，是回忆的甜，是难舍难分，是晨昏心颤的期盼爱人，你好吗,"0,4,11"
爱上了你，我才领略思念的滋味、分离的愁苦和妒忌的煎熬，还有那无休止的占有欲。为什么你的一举一动都让我心潮起伏，为什么我总害怕时光飞逝而无法与你终生厮守,"0,4,11"
爱你是一种幸福，想你是一种快乐，等你是一种考验，念你是一种习惯，疼你是一种珍惜，吻你是一种温柔，看你是一种享受，抱你是一种浪漫。,"4,11"
再艳丽的玫瑰也会凋谢，但我对你爱永远不变；再甜的巧克力也会过期，我对你的热情却永远也不会消退；电影感人不过90分钟而已，我对你的宠爱却是一生一世直到永远心不移；亲爱的，我爱你让我来保护你一辈子吧,"4,11"
我是你近旁的一株木棉，和你缠绕在画。根，紧握在地下叶，相触在云里。,"4,11"
今生今世，你就是我的唯一，拥有你就是拥有全世界，失去你就是失去了一切。所以亲爱的你千万不能离开我！,"4,11"
你我好比两个半圆球，拼到一起就是一个整体，感情就是粘合剂，感情越深粘的越牢；,"4,11"
怀念你、想念你，季节匆匆地走过，岁月带来了变化，却为什么总抚不去对你的思念。一颗久久悬着的心，总在怀念你，祝你情人节过得愉快,"0,4"
爱是一种感受，即使痛苦也会觉得幸福；爱是一种体会，即使心碎也会觉得甜蜜；爱是一种经历，即使破碎也会觉得美丽。,"4,11"
爱是缘分，爱是感动，爱是习惯，爱是宽容，爱是牺牲，爱是体谅，爱是一辈子的承诺。,"4,11"
戒烟容易，戒你太难。当爱恋的病毒悄然而至，当你把从我心中下载的初吻放进回收站，我决定把爱情低格，让回忆格式化。你知道我的心在哭泣吗,"0,4,11"
不管宇宙有多少改变，直到慧星化作云烟，一定要追寻你，有一天，让爱回到我身边。,"0,4,11"
自从有了你，日子不再孤单。自从有了你，思念总在夜晚。自从有了你，爱意不再辗转。,"0,4,11"
你我鹊桥边，相对两无言，温情融天际，爱意永缠绵。,"4,11"
七月七日长生殿，夜半无人私语时。又是一年的七夕，没有我的日子你还好吗？,"0,4"
雁字回时，月满西楼，花自飘零水自流。一种相思，两处闲愁，此情无计可消除，在下眉头，却上心头。,"0,4,7"
有情之人，天天是节。一句寒暖，一线相喧一句叮咛，一笺相传一份相思，一心相盼一份爱意，一生相恋。,"4,11"
遇见你是偶然的，喜欢你是自然的，爱上你是毅然的，得到你是欣然的，伴你一生是必然的。,"4,7,11"
鸳鸯也会羡慕我们的恩爱，蜂蜜也会妒忌我们的甜蜜，双飞蝶也会为我们的缠绵而感动，亲爱的，有你真好我要爱你一辈子,"4,11"
流星落了，那是天在哭了；雨水下了，那是我的思念涨潮了；月亮升了，那是你我的眼光交错了；人间的喜鹊飞了，那是它们为爱的七夕致敬去了！,"0,4,7"
你是牛郎，我是织女；你去做饭，我来淘米；你去耕田，我来拉犁；愿为树枝，在天连理；愿做鸳鸯，水中嬉戏，无忧无虑，只为有你！,"4,7"
你心我心，爱上了你，一生痴心；君心我心，见不到你，只有伤心；你心他心，旁若无人，请你放心；以心换心，即便万箭穿心，也不变心！,4
七夕到了，喜鹊排成队，乌鸦排成行，老鹰来观礼，连青蛙都来帮忙，呱呱呱呱地奏乐，祝福我们幸福安康、地久天长！,4
﻿天有牛郎织女，地上金童玉女，唯吾与尔。,"4,7"
七夕如愿盼今朝，红叶香残怨可消。朝朝暮暮图永久，缠缠绵绵诉心焦。,"4,7"
上天又给我一个约你的借口，相爱的人儿，与你共渡，天天都是情人节。,"4,11"
七夕之夜星麻麻，看着水里鱼双双。想到了你心一酸，唯有想着当初情？,"0,4"
很感谢你给我了一生中最快乐的时光，今天是中国的情人节，祝我们俩永远相爱，白头偕老！深深的吻你！,4
亲亲你我，私守楼阁，鹊桥之夜永定今生！,4
七夕七夕今非昔比，你我见面顺应天理；跨越银河此番壮举，多亏鹊仙搭桥成趣；你我好似牛郎织女，爱你之心，无庸质疑；默默心许：让我天天见你！,4
如果你是风，我愿意做你的风筝，飞的再高再远，你手里的那根丝线都是我们爱的见证；如果你是海，我愿做颗鹅卵石，沉沦多深，生死都在你的心底！,"4,7,11"
多年以前我就已在我的生命里邀约了你，所以今天的相遇，我很珍惜！就算距离再长，也有我的牵挂！再远，也有我的祝福！,"4,11"
如果真的有鹊桥，我要跟你走到桥的尽头，然后把桥拆了，绝不让你走愿意吗？,4
月影光如昼，银霜茫茫；七夕会鹊桥，情意绵绵。仙花团锦簇，美景交融；仙鹊聚天桥，好生幸福！,"4,7"
织女不用敛蛾眉，前度牛郎今又回。鹊桥执手望泪眼，良晨美景不思归。,"4,7"
我们不做牛郎织女，因为他们相距太远而相见又太短；我们要做我们自己，因为有你在我身边把我的心牢牢拽住！,4
早上的太阳红通通，我俩的感情在雨中。中午的太阳红似火，受伤受累还是你我。下午的太阳西边落，全是感情惹的祸,"4,11"
在我心中，你是唯一的不同，对你的爱已不在乎懂不懂。你的喜怒让我心动，我愿作你翅膀下的风。,"4,11"
醉过才知酒浓，爱过方知情重。回转人世间活一回，只为与你相会。你的微笑，你的眼泪，都是我最刻骨铭心的。,"4,11"
莫羡鹊桥仙，人间花更嫣；今沐七夕雨，爱你更心坚！,"4,7,11"
如果天有情，如果梦会灵，就让我的心爱到彻底，我对你的爱已无法说明，就象风吹不息，雨打不停，此情不渝。,"4,11"
你我鹊桥边，相对两无言，温情融天际，爱意永缠绵。,"4,7"
思念一个人很容易！爱上一个人很难！爱上一个思念的人是难上加难！上帝给我一个机会，我一定要把握住！,"4,11"
十年前想我写信给我；七年前想我呼我；三年前想我打手机给我；两年前想我记得发邮件给我；现在那就发个短信息给我吧,"1,4,11"
人生如戏，有悲有喜，更加不能缺少你情人节，不玩花腔，不耍杂技，只是认真的传个短信给你，我爱你,"4,11"
世界是一片海，你我是彼此的避风港。地球是乐园，我们要用心游荡。在玫瑰花尽情绽放的新的一年，我们迎来新的浪漫。我爱你，宝贝。情人节快乐,"4,11"
被你蕴含的灵气所诱，我禁不住心荡神移。爱情啊，请在我心中长久长久地停留,"4,11"
不论是白银、是黄金，都不是我所恋慕的东西，我只恋慕着你，心上人，只要我依旧活在人世，我要发誓向你保证，我的全部爱情、名誉和忠实。,"4,11"
往年，我祈求上天赐我幸福。现在有你在我身边。我知道，幸福，我已经得到了。我爱你！,"4,11"
爱热了，我用冰把它冻起来；爱冷了，我用火炉把它围起来；爱渴了，我用水把它浸泡起来；我精心呵护的爱，在七月初七带给你看，一定鲜活如初！,4
当你看到山涧清泉流淌，当你看到烈火熊熊燃烧，请不要轻视它，掬起它，靠近它，珍视它！你知道吗？那都是我对你飞越千山万水的思念凝聚成的力量！,"4,11"
七夕抬头望碧霄，喜鹊双双拱鹊桥。家家乞巧对秋月，无尽心丝君知晓？,"4,9"
玫瑰花瓣染指你的美丽，幸福在你的微笑中洋溢，满天繁星是我的思念点滴，你的气质让我着迷，看到你，给我平添爱的勇气。情人节只想说声真的爱你,"4,11"
思念就像巧克力，苦苦的，甜甜的不敢想你，怕会想你：不敢说想你，怕更想你其实，我真的真的好想你,"0,4,11"
我积蓄着千亿年的相思，十亿年的力量，十亿年的气息，只为在情人节大声的对你说“我爱你”,4
爱情的数学，没有奇偶交替，只有成双成对爱情的力学，没有正负相抵，只有万有引力爱情的语法，没有第三人称，只有我和你。七夕节，真爱最无敌,4
七夕到了，你还不赶快向我认错，谁让你擅自侵犯我的内心领域，无理由占领我的思念高地，还不约我一起过七夕,"1,4"
银河再光亮也比不过我们爱情的灿烂，流星划过的印迹再美也比不过我们爱情的痕迹。想在七夕之夜与你深情依偎在葡萄架下，祈求永远依偎你身旁,4
在这深情的美丽节日里，我好想送你一束盛开的玫瑰与数不尽之祝福，但愿这玫瑰的这股清香能淡淡的散发出对你的柔柔关怀与思念的气息，七夕情人节快乐,4
我是鹊桥旁那颗最美丽流星，只为有你一次真爱的回应，我痴痴的等，等上一万年,4
七夕情人节来到了，浪漫的鹊桥搭成了，天上的牛郎织女相会了，天上的星星羡慕了，地上的情花开放了，有情的人儿心动了，芬芳的玫瑰陶醉了，醉人的美酒摇曳了，悄悄的情话传递了，感人的表白传送了，爱你的誓言宣下了：亲爱的，我会爱你一生一世,4
七夕节到了，送你一朵花表示我想你了，送你两朵花，表示我很想你，送你满山遍野的花：还不快跑啊，大黄蜂被引来了。七夕节快乐。,"1,4,11"
等我有权时，让故宫作你卧室，神州六号作你专机，中国大剧院作你练歌房，杭州西湖作你游泳池，够意思吧祝七夕节快乐,"1,4"
情人节愿望：做一只树袋熊，趴在一棵大桉树上呼呼大睡，我是树袋熊，而你是桉树，一生一世粘着你，爱着你，需要你,"4,11"
七夕抬头望碧霄，喜鹊双双拱鹊桥。家家乞巧对秋月，无尽心丝君知晓,"4,7,9"
天上牛郎织女来相会，地下多情人儿共祈爱情永恒不渝。,4
常相思，长相思，相思时节谁人知梦难忆，爱难忆，愁肠百结谁人识缘难了，情难了，一腔痴情谁能比吾有意，尔有意，何不七夕定婚期,"4,7"
亲爱的，你知道吗，你来自云南元谋，我来自北京周口，让我牵起你毛绒绒的手，轻轻地咬上一口哦，是爱情让我们直立行走今天是七夕节我们一起去打猎吧,"1,4"
爱就一个字，牵心一辈子爱你，是我始终不变的选择，你呢我经常会想我们爱的发展过程，很幸福，我想一直幸福下去。七夕来了，让牛郎和织女为我们祝福,4
对你，我已经无条件投降了，这个七夕节你就签下爱情合约吧，不然没人要我了我已准备好将权利减半、义务倍增了,4
柔情似水，佳期如梦，忍顾鹊桥归路两情若是久长时，又岂在朝朝暮暮。,"0,4"
我错过了你的童年，是我的不好。错过了你的少年，是我的遗憾。如今既然遇见了，就不再错过。让牛郎织女见证，我是真的真的很爱你愿七夕快乐,4
俗话说：火车不是推的，幸福不是吹的七夕了，我要对你说：有你就是对的，心儿也会醉的。,4
亲爱的，帮帮我，我的大脑终端遭遇相思病毒感染，感情扇区被格式化，所有文件都被更名为“我爱你。”,"1,4,11"
根据你对我“发送”的那些“信息”，表明你很愿意让我打开你的“文件”。我有一颗为你“奔腾”的“芯”。我的“硬盘”里下载的“数据”都是“我爱你”。七夕情人节快乐,4
忙吗没事。只是想用不打扰你的方式告诉你：我在想你。希望你收到我的短信时，你的嘴角是微笑的。让你身边的朋友知道你是幸福的。七夕情人节快乐,"4,11"
躺在云上飞，抱着月亮睡，星星调皮露暧昧，为爱心迷醉走错星座位，涨满银河水，喜鹊搭桥建派对，为爱来相会。即将七夕，愿你的爱情浪漫甜蜜,"4,7"
一二三四五六七，没有谁比你更合我心意七六五四三二一，只有你才是我的唯一。亲爱的，七夕至，请读懂我的情谊，让我们和幸福一起，欣赏甜蜜。,4
年年七夕，今又七夕，短信频频传送你。鹊仙搭桥成美事，跨越银河现壮举。牛郎织女，映射你我，爱你心毋庸置疑。默默心许祝福你，幸福快乐存心底。,4
想你一千遍有一千种滋味，爱你一万年有一万个理由。轻读你的名字如诵读美丽的诗章，思念你的模样是品味醉人的佳酿。千言万语汇成一句话认识你真好七夕快乐,"4,11"
每一个人的缘分不同，相爱的时间也会有长短，只有尽心尽力的去做，我能够做到的就是：我会让我的爱陪你慢慢的老去。亲爱的七夕快乐，想你,"4,11"
七夕，七夕，我的佳期；织女，织女，我的爱妻；天上地下，千年聚齐呜呼哀哉，我爱我妻。,"4,7"
七夕又名乞巧节相传在乞巧节时向织女乞求心愿，便会灵验。于是，我虔诚地闭上眼睛，双手合十，在心里默默念：愿看短信的人开心幸福，直到永远。,4
七夕了，双七即“比”，我托牛郎上天给神稍句话，愿神保佑你：吃得比以前好，睡得比以前香，挣得比以前多，身体比以前棒，收的祝福比以前更圆满,"4,5"
爱不需梁祝化蝶的悲壮，需心有灵犀的默契爱；不需雄飞雌从的追随，需相濡以沫的支持；爱不需山盟海誓的承诺，需默默地关注时常联系。七夕快乐,"4,7"
我愿自己是银河之上绵绵的等待，我愿笑看着人世间的桑田沧海，化作点滴晶莹的泪珠，洒下给你生生世世的爱。七夕到了，愿我们的爱，迎着幸福而来,4
首先先在心里想一个9以下的数字，加1，再乘以2，再加4，再除以2，最后减掉一开始心里想的那个数字，再加上517，这结果就是代表我想对你说的话,"4,11"
如果你是织女，我一定就是你的牛郎，愿与你默默的隔河相望，成就一刹那的永恒。我的肩上挑的不是扁担，是我对你许下的诺言；我的筐里装的不是儿女，是我们爱情的结晶；我们的面前不是鹊桥，是我们前世今生割舍不断的情缘。亲爱的，七夕情人节，有你在身边，今生无所求！,4
我头戴一草帽，竹筐肩上挑，慌慌张张上鹊桥。假扮牛郎貌，请你不要笑，只为要把织女瞧。织女见我吓一跳，惊叹之语口中道，牛郎没你帅，情没你崇高，早要遇到你不会把他瞧。可惜不能把你找，因为读信息的她早已令你爱的死去活了！瞧，对你的好仙女都知道！亲爱的，七夕快乐，珍惜我哟！,4
七夕牛郎会织女，发条短信想念你，银河相隔亿万里，沐浴爱河迷恋你，今天我来发信息，目的就是通知你，今生今世爱着你。哈哈，亲爱的，七夕情人节快乐哦！,4
全世界都恋爱了，苹果爱上了梨，菠萝爱上了蜜，河水爱上了鱼，太阳爱上了月亮，风儿爱上了云絮，玫瑰爱上了你！七夕情人节快乐哟！,"4,11"
因为你的出现，我才知道人生能如此快乐；因为你的出现，我才知道生活能如此精彩；因为你的出现，我才知道我是世界上最幸福的人。亲爱的七夕情人节快乐。,"4,11"
传说，七夕这天，为你最爱的人祝福，喜鹊就会把祝愿传给牛郎织女，牛郎织女会把祝福转达给玉帝，实现你的祝愿，所以，我在默默为你祝福，祝你健康平安,4
扬起风吹向你，带着我的祝福，寂寞我不在乎，你快乐我就满足，想你是我的幸福！千万个思念，在空气中凝固。七夕佳节，盼望与你相聚！,"4,11"
牛郎织女今相聚，快乐约会没道理，约你牛棚你得去，即使蚊子绕着你，不惧距离和天气，哪怕徒步下大雨，就是今日想约你，七夕节日耍赖皮！要来哟！,"1,4"
牛郎哥哥高富帅，有房有地有人爱；牛郎哥哥小无赖，偷看洗澡还使坏；牛郎哥哥很浪漫，搭起鹊桥谈恋爱；牛郎哥哥感情专，两地分居心不改。祝七夕愉快！,"1,4"
当流星爱上大地不惜陨落，只为那片刻亲近；当行云恋上流水不惜坠落，只为一解相思情；当俺想起你，不惜一毛钱，为了提前告诉你：小孩，七夕快乐！,"1,4"
在缘分“夕”少的年代里，遇到最“夕”有的你，“夕”罕你的善良与美丽，珍“夕”你给的温柔和甜蜜，珍藏往“夕”的回忆，深情爱你！七夕，约你！,4
大海无边无际，承载着太多梦想；天空浩瀚无垠，装满了太多情感。我虽承受不起大海和天空的那份广阔，但我能够承受你对我的爱。放出去的感情，交出去的心，我永远都不想收回，七夕快乐。,"4,11"
鸟说，你不笑它就飞走了。花说，你难过它就凋谢了。水说，你忧伤它就干涸了。我说，为了你我鸟语花香的世界，一定要保持快乐的心情啊，七夕节快乐。,"4,11"
七夕来临了，思念加深了，无法入眠了，心跳加速了，好想见你了，盼望团聚了，七夕，我等你，祝你一切顺利，开心快乐如意。,4
纤云弄巧，思念很好，谁让我们是青春年少。飞信传爱，爱你的坏，谁让你在微博里把自己出卖。柔情似水，火辣似腿，谁让我爱你爱的无怨无悔。佳期有病，七夕有药，谁让我想你想的无可救药。七夕情人节，要让你快乐！,"1,4"
﻿昨夕今夕是何夕？日日夜夜盼七夕。七夕佳期胜除夕，缠缠绵绵在今夕。祝福之情在朝夕，愿你快乐心悠夕，爱情甜蜜胜昨夕，七夕快乐不止息！,4
酸酸甜甜是爱情的滋味，苦苦涩涩是痛苦的回味，清清凉凉是秋风的抚慰，缠缠绵绵是想你的心扉。七夕佳节来报备，相约携手你作陪，幸福蔓延心儿飞。,"4,7"
白云朵朵，描绘梦想；苍穹蓝蓝，相约翱翔；风儿吹吹，思绪乱飞；雨儿飘飘，落入心间；相思苦苦，爱意浓浓；七夕佳节，爱你永久。祝七夕愉快！,"4,7"
我的爱不是花阴下的甜言，不是桃源中的蜜语，不是轻绵的眼泪，不是死硬的强迫，是和你默契的眼神，是对你温柔的安慰，是夕阳下的搀扶，是风雨中的共苦，我对你的爱是纯净的阳光，就是洒在时光中也不会霉变。七夕到了，爱你不悔。,"4,11"
山是水的故事，因为水总把山围绕；风是云的故事，因为飘动的云见证了风的存在；你是我的故事，因为你照亮了我的人生。七夕了，发条短信问候你，希望我也可以成为你的故事，与你牵手到永远！,4
锦瑟年华里，你的容颜像安静的石子，裸露在时光的岸边，燃烧了我一季的思念，像疯长的草堆满心头。任年华随意变迁，闪烁，有你在身边的温暖，总是格外美丽。亲爱的七夕快乐，此生的每一个七夕都与你度过。,4
相思扯动天幕，让星光铺成心路，银河阻止了脚步，但真情义无反顾，挥洒爱的絮语，把期盼的距离填补，不管风雨无数，只求与你相聚。七夕节，对你的倾诉还在继续，愿与你携手共把幸福渡。,4
佳节的柔情，季节的风情，无比激动的心情，把一片爱慕之情，请短信为我传情，莫笑我多情，我今生只对你钟情，七夕向你表达真情，愿与你演绎浪漫爱情！,4
守候星空盼星雨，数落星辰许星愿。星空星雨落千粒，星辰星愿现千回。遥祝远朋行安至，笑柔挚心有相知，七夕快乐！,"4,7"
在最美的夜里想你，在最深的呼吸中念你，在最惬意的时候感受你，在最失意的时候知道，这个世界有你就已经足够。情人节快乐！,"4,11"
今天你是否还想起，昨天我们快乐的记忆，转眼时光逝去，是不是可以约个时间聚聚。,"4,5"
听到想到心到，说到做到得到，时间到我的美好祝福已全部让你收到。七夕快乐！微笑甜甜！,"4,5,11"
放牛小儿你真坏，偷了织女的裙衫带。放牛小儿也无奈，此生不是高富帅。放牛小儿就是你，我的美貌赛织女。牵牛织女有鹊桥，你却只有坏坏的笑。七夕到，想念你那坏坏的笑，你何时搭好那鹊桥！,"0,4"
‘七’夕来临，思念更深，花晨月‘夕’，真心等你，清风高‘节’，爱情纯洁，称心‘快’意，真心爱你，‘乐’不可言，幸福永远，祝七夕节快乐。,4
地有情，天有情，天地都有情；鹊桥在，银河在，七夕就存在；七夕乐，天天乐，永远都快乐；短信来，祝福来，美好日子朝你来。七夕快乐。,"4,7"
闪闪烁烁的星星眨巴着眼；洁洁白白的皓月柔和着光；酥酥柔柔的话语甜蜜了心窝；艳艳丽丽的玖瑰佐证了浪漫；七夕到了祝你：幸福无极限！,"4,5,11"
收藏清晨第一缕阳光，采摘大地第一颗露珠，录制天空第一声鸟啼，撷取花丛第一味芬芳，在七夕这一天送给你，愿你七夕快乐第一，幸福第一！,"4,5"
传说，七夕情人节是牛郎织女一年一度鹊桥相会的日子，民间有情人会在这一天向月亮乞求真挚而浪漫的爱情。当你收到这条信息时，有人已经想你一百遍了。,4
七夕的思念，如繁星点点；七夕的牵挂，如浪花朵朵；七夕的祝福，如清风缕缕。地球在公转，世界在改变，对你的爱永不变。七夕快乐！,4
或早或晚，能够遇到你就好；或风或雨，能牵着你的手就好；或多或少，你能在乎我就好；或苦或乐，我们在一起就好。七夕节，亲爱的，你若安好，就是晴天。,"4,7"
苦涩是甜蜜的一半，烦恼是开心的一半，不幸是幸运的一半，失去是得到的一半，你是我生命的一半。七夕中国情人节到了，愿我亲爱的伴儿幸福快乐！,"4,11"
七夕星稀月朗，走一回鹊桥路，让相思绵长；掬一捧银河水，让爱意流淌；想一次心上人，让情暖心房；说一句甜蜜语，把你珍藏。爱你，地久，天长！,"4,7"
一心一意我想你，两情相悦甜如蜜，三世情缘创奇迹，四时充美人欢喜，五福临门笑口开，六六大顺吉祥意，七夕之恋亲亲你：宝贝，情人节快乐！,"4,11"
七夕佳节，我对长空乞巧，用七根银针、五彩丝线为你织起一片祝福的天空，让好运伴随，让幸福流淌，再网住你一生的快乐！,4
在爱里，在梦里，痛苦幸福我呼唤着你；在人间，在天上，生死相依我苦恋着你。七夕节，纵然是凄风苦雨，我也不会离你而去；就算化作星星，也要默默相互守望！,4
天上七夕影成双，牛郎织女；地上七月人两个，唯我和你。最是人间贫贱夫妻，羡煞天上神仙眷侣。神仙曰：银河经年隔太久，相爱只须争朝夕！,4
默默的等待，那是一种神圣的情爱；静静地期盼，爱情将不再是短暂；拿起岁月的绳索，将爱情悄悄触摸；爱，因你而生，爱，因你而美，爱，因你而更充实。,"4,11"
﻿一段美妙的心路，真心化作如意桥，供我们走进彼此的心田。一份美好的姻缘，七夕约为如梦佳期，让你我中下一丝缱绻。这是一段美丽的爱情故事，游走在光阴的变换里，我只看到了世界渐渐隐去，只有我和你，亲爱的，七夕快乐。,4
挥不去的暮气，几悉熟悉；说不尽的言语，几分依恋；道不完的爱恋，几许相思；言不尽的情话，几丝缠绵。七夕明月传真情，只愿有你常伴随。爱你到永远！,"4,7,11"
有时候，希望时间可以为自己停留，就这样和我喜欢的你到地老天荒，不弃不离；有时候，希望人心可以透明，就这样用心体味你的喜怒哀乐，精心呵护；有时候，希望七夕早点来到，就这样和你共度美妙的幸福时光。爱你，此生不变，七夕快乐。,"4,11"
鹊桥边渡口旁我的表白：这世界有你的存在，注定了我的期待，思念陪我彩排，演出我对你的爱。逆风和花海同在，我依然不会改变，守候着你的青睐，我拥有了一世的慷慨。亲爱的，七夕快乐，爱你永远。,4
恋人之间的信任、宽容、理解、关怀，我们都做到了。我对你的在乎，胜过自己的家人；我对你的好，胜过了自己。我早已把你当作自己的家人，谢谢你一直陪伴我，情人节快乐。,"4,11"
衣服脏了没人管，袜子破了自己连，早餐泡碗方便面，孤独日子猫陪伴，七夕情人相约见，谁人与我把手牵？尔若倍觉我可怜，回条信息给温暖！,"4,7"
你有一双迷人的黑瞳，有时忧心忡忡，有时单纯懵懂，总之令我怦然心动。素色的裙子在风中，尽情舞动。只想用最美的歌声来讲你赞颂。亲爱的，七夕快乐，让我们共同编织属于我们自己的美梦，让生活与众不同！,4
爱在左，情在右，走在生命的两旁，将这一径长途，点缀的花香弥漫，穿枝拂叶游走其间，有你的存在，就算踏着荆棘也不觉痛苦，恬淡的日子，也许有泪可落却并不悲凉，温存满满的感动，让爱永远保鲜。七夕来临，亲爱的，让我们一起幸福！,"4,11"
﻿﻿夜无语月无声，对你思念每日增；风不息浪不平，对你的爱无法停；七夕到鹊桥会，我愿与你相依偎；天有情梦会灵，我的心意你最明。,"4,7"
﻿一秒钟可以让我想起你！一分钟可以令我牵挂你！一整天可以使我惦记你！一辈子足够让我守护你！就算是一条短信也能帮我告诉你：想你了，七夕快乐！,"4,11"
七夕节了，工作再忙也要给自己放个假，心事再多也要全部放下，怀着一份好心情，轻轻松松度过一个美好的七夕节吧，七夕节快乐，我爱你。,4
七夕节里祝福你，写条短信通知你，亿万人民赞美你，幸福快乐依靠你，帅哥美女思念你；最后顺便告诉你，美女晚上要来拜访你！,4
七夕节快到了，预祝有情的你永远浪漫、热情的你永远青春、真情的你永远开心、纯情的你永远快乐、深情的你永远甜蜜、痴情的你永远幸福！,"4,5"
七夕的银河诉说着浪漫的爱情故事，七夕的星空闪烁着牛郎织女喜乐的辉光，七夕的喜鹊为千万年爱情牵线搭桥，七夕的情人合着幸福的节拍唱响爱的誓言。七夕节：愿我们相爱永远。,4
在最美的夜里想你，在最深的呼吸中念你，在最惬意的时候感受你，在最失意的时候知道，这个世界有你就已经足够。情人节快乐！,"4,11"
甜蜜七夕，一起欢喜，与你为伴，一生无怨。玫瑰吐露爱的芳菲，短信传递爱的音讯，浓情七夕爱的一天，延续我们爱到永远。,4
纤云弄巧，飞星传恨，短信条条暗渡。思念彼此一相逢，便胜却世间无数。柔情似水，佳期如梦，浓情迷失归路。两情欣悦七夕时，一条短信守朝暮。,"0,1,4"
七夕节快到了，你是要爱情，还是要面包？我愿做你的爱情三明治，用一颗爱你的心做馅，用浪漫填补寂寞，用甜蜜取代苦涩，用真心换你开心！,"4,11"
七夕节就是今天，寒冷的秋冬却也随之而至，我就算不能给你多么温暖的承诺，但是只要你在这个秋冬感觉有一点的寒意，那时我一定是在大街上裸奔！七夕快乐,"4,11"
每走一步，生命里都有你的印迹；每看一眼，季节里都有你的身影；每吻一次，时光里都有你的气息。七夕到了，一颗心始终为爱你而跳动，亲爱的，节日快乐。,"4,11"
七是七月初七喜上喜，夕是情意浓浓要珍惜，节是相约相伴特殊节，快是心花怒放快乐颂，乐是喜上眉梢乐悠然。七夕情人节快乐！,"4,5,11"
七夕节的这一天。距离越远我的爱越多，距离越远我的爱越浓。盼我们的七夕节永远属于我们，愿我们的七夕节永远快乐，愿我们情有所属。,4
无情的时空将你我分隔，但想你的心儿依旧难平，七七相见！,4
听说七夕这天恋人相互说句我爱你，就能在来年七夕不会分开，如果每年都说就永远不会分开。我爱你！,4
寂寞鹊桥思念两边，银河无奈真心期盼。有情人儿今日约见，你我爱恋霎时重现。深情交汇细雨绵绵，真心誓言注定久远。庆幸此生你在身边，牛郎织女只能艳羡！亲爱的，爱你一辈子不离不散，七夕快乐！,4
七夕节这天，银河将变成爱河，鹊桥将变成心桥，牛郎织女将成为痴男怨女的爱情代言人，听说这一天许愿最灵，我将默默为你祝福，希望你永远开心、幸福！,"4,5"
前世的五百次回盟，才能换来今生的与你相逢，如果是真的我原用一万次去换与你的相爱，告诉你：我真的好爱你,"4,11"
七夕节要到了，你能送我件礼物吗？请把右手放在脸上，代替我轻抚你的脸；把左手放在心上，让我听见你想我的心跳！祝你七夕节快乐！,4
七夕节我只想对你说：我不爱你，是不可能的：我不疼你，是没道理的：我不想你，比窦娥还冤的：我不给你发短信，是要天打雷劈的。,4
七夕节让我对你无限思念，将心泊在彩云升起的港湾，偷偷把幸福刻在你的心间，用一缕爱的丝线，将你我紧紧绑在岁月变迁的终点。亲爱的，祝你七夕快乐！,4
随着时光的流逝我对你的思念不断加深，听着小河的孱流唱起你我的爱恋之歌，闻着花儿的飘香勾起和你在一起的快乐，七夕节的来到久盼和你相会。爱你的心永远不变。,4
鸟儿的飞翔因天空的蔚蓝而高远，花朵的鲜艳因蜜蜂的勤劳而多彩，树木的挺拔因雨水的丰盈而青翠，爱情的甜蜜因你我的相爱而享受。七夕到了，愿我们的爱情永远不败！,"4,7"
银河阻隔有情人。多亏喜鹊搭鹊桥，牛郎织女七夕会。只愿七夕解人意，相识相知在今夕。只愿今生与你伴，生生死死不离分！祝七夕节快乐！,"4,7"
无需华丽，无需繁琐，无需誓言海枯石烂只想牵着你的手看细水长流，相伴到老，爱已足够浪漫亲爱的，七夕快乐！,"4,11"
我不会说爱你，只会在心里想你；我不会在你面前哭泣，只会独自淌着泪滴；我不会和你大吵大闹，只会忍受着万般的委屈；我不会在你离去时说恨你，只会用一生来祝福你。,"4,11"
亲爱的，你永远是我眼中的泪水，所以注定这辈子我不能哭泣，因为怕失去你；如果有一日我不得不哭，那我也会张开嘴，让泪流到我的心里。,"4,11"
漫漫岁月长又长，你我情意缠绵绵。闪闪银河长又长，你我心意总相投。鹊儿搭桥长又长，你我七夕喜相逢。幸福未来长又长，久久爱意在心头。,4
蓝蓝的天特别的你，无奈的我挂念你；白白的云可爱的你，无助的我惦记你；轻轻的风远处的你，有情的我等待你；柔柔的雨浪漫的你，孤单的我在想你。,"4,11"
听一种声音，是微风吹落露珠；赏一幅图画，是朗月点缀星空；恋一种气息，是幽兰弥漫旷谷；爱一个人，是从晨曦一直到日暮。,"4,11"
人生不止，寂寞不已。寂寞人生爱无休，寂寞是爱永远的主题。我和我的影子独处。它说它有悄悄话想跟我说，它说它很想念你，原来我和我的影子都在想你。,"0,4,11"
茫茫，人海里一点孤鸿；欣欣，岁月里觅你芳踪；轻轻，缘分里偶然相逢；慢慢，微风里思念飘送；真真，星空里爱如彩虹；默默，七夕里想你入梦。,"0,4,11"
爱是一种感受，即使痛苦也觉得幸福；爱是一种缘分，即使分离也觉得心醉；爱是一种体会，即使心碎也觉得甜蜜；七夕将临，愿心爱的人快乐幸福！,4
情人节，情人劫，人情节，人情劫，劫情人，结情人，一了百了，一节百节，一劫百劫，虽然这个七夕情人节我不能和你一起度过，不能送给你早应该属于你的玫瑰花，但是我会用我对你的爱去浇灌这火红的玫瑰花，等你来拿！,4
当爱不能完美，我宁愿选择无悔；当情需要抉择，我宁愿笑对玉碎；也许未来会更精彩，也许来生会更绚丽，但我祈祷生生世世轮回中有你！,"4,11"
老公啊，记得明天是什么日子吗？猜错了！不是第一次牵手的日子，也不是第一次的日子，是去年七夕情人节你送我玫瑰花的周年纪念日啦！,4
﻿独的夜要你陪我才不寂寞；伤心的时刻要你在身边我才能入睡；快乐的一切要你分享才值得；繁华的街要你陪我才不疲惫；独自的我要与你依偎才算完美。,"4,11"
﻿一拜天地，从今受尽气；二拜高堂，为她辛苦为她忙；夫妻对拜，从此勒紧裤腰带；送入洞房，我跪地上她睡床。唉我是绵羊她是狼！,"1,4"
猜猜七夕情人节我要送你什么？我要用满满的爱，加香甜的渴望，认真调配一碗相思汤，多放一点温柔，再调味一些快乐，让你喝了更加爱我！,4
酸酸甜甜是爱情的滋味，苦苦涩涩是痛苦的回味，清清凉凉是秋风的抚慰，缠缠绵绵是想你的心扉。七夕佳节来报备，相约携手你作陪，幸福蔓延心儿飞。,"4,5,7"
泥是窝的嘴矮！泥是窝的蒙香！窝深情地看着泥！窝要对泥说，窝矮泥！请大声朗读,"1,4,11"
有一种默契叫做心照不宣，有一种感觉叫做妙不可言，有一种幸福叫做有你相伴，有一个白痴会把它看完。,"1,4,11"
宝贝：最近我牙齿痛，因为常常晚上想你，那感觉太甜蜜了，会蛀牙。,"4,11"
据说是上帝用亚当的肋骨造了一个夏娃，于是才有男孩从千万人之中寻找那个自己身上肋骨变的女孩，好好爱她。亲爱的，我确信你就是那个我要用一生寻找、认真疼爱的、自己身上肋骨变的女孩。你知道吗？当你心情不好的时候，我的胸口会很疼，真的。我爱你！甜言蜜语,"4,11"
你可知道，你能够走出我的视野，却永远走不出我对你的殷殷思念；你能够远离我的身影，却永远不能远离我对你的浓浓眷恋。认识你，不论是生命中的一段插曲，还是永久的爱人，我都会珍惜。有一天，当我疲惫或老去，不再拥有浪漫的时候，这段旋律会滋润我生命的根须，真的很开心。,"4,11"
如果我拥有一个岛屿，我愿意和你度过没一个日日夜夜，愿意和你一起仰望夜空，共同欣赏美丽的月色，在望向夜空中最亮的星星，许下一个心愿！,"4,11"
碧空如洗星闪耀，牛郎织女会鹊桥，藤下情话脉脉聊。爱意无限好，甜蜜上眉梢。家家乞巧望明月，有情男女红线绕。遥送祝福表心意，浪漫七夕，祝君好。,"4,7"
心悠悠，愿爱在深秋；路漫漫，愿快乐永相伴；看日出日落，谁在追赶时间？看潮起潮落，谁在欣赏浪漫？只要有你相伴，是我一生的心愿！,"4,7"
即使在一个城市我向东的时候你可能正在向西；即使在一条街上我向左的时候你可能正在向右；即使在同一个地方，我来的时候可能你刚刚离开，总是擦肩而过。但我知道在我想起你的时候，纵使隔着茫茫人海、幢幢高楼，我的爱总也会与你相伴。,"4,11"
一颗流星划过天际，我错过了许愿；一朵浪花溅在岩石，我错过了祝福；一个故事说了一遍，我错过了聆听；一段人生只走一回，我不能错过你。,"4,11"
风在林梢翘首企盼，云在蓝天沉思挂念。寒烟飘过，如流水般匆匆而去，但愿它能够让你知道我是多么想念你，多么想让你拥有一生一世的温暖！,"4,11"
寻人启事：某女身材苗条，相貌不凡，温柔可爱；永在我心。有知下落者请与我联系。愿以一枚钻戒酬劳！,"1,4,11"
阴天了，那是因为太阳累了；下雨了，是因为太阳伤心了；飘雪了，是因为云儿心碎了；起风了，是因为心要旅行了；你收到短信了，是因为我想你了。,"4,11"
读它你欠我一个拥抱；删除它欠我一个吻；储存它欠我一个约会；如回复你欠我全部；如不回你就是我的。选择！,"1,4,11"
﻿用最贴心的温度，给你拥抱；用最温柔的眼神，给你呵护；用最实际的行动，把你好好照顾；用最诚挚的情意，真真切切给你幸福！,"4,11"
画一颗心，安放柔情蜜意，放一束花，寄托美好相思，品一块糖，尝出幸福滋味，传一份情：爱你在时时刻刻，想你在朝朝暮暮！,"4,11"
你的快乐，我独家赞助：你的痛苦，我独家承受；你的脾气，我独家承受：你的一生，我独家陪伴。宝贝，爱老虎油！,"4,11"
岁月可以带走容颜，却无法阻止我的心。生活可以磨炼意志，却无法消磨我的情。雨水可以填满沟壑，却填不满我对你的思念。喜鹊可以报喜，却说不出我爱你。亲爱的，我对你的爱，已经融进一草一木，一花一树，永远青葱翠绿、芬芳清香，伴你岁岁年年！,4
一句承诺一世情，一生守候一颗心，一声问候一天暖，一份思念永延绵，一个想念你的我，在等着你的回信，愿我的存在，让你更加快乐幸福！,"4,11"
﻿看见花儿想起你那美丽的容颜，看见溪流想起你那似水的的柔情，看见白云想起你那婀娜的身姿，看见彩霞想起你那快乐的样子，看见明月想起你那含情的目光虽然咱们昨日才相见，但是如隔三秋思念远啊。,"0,4,11"
有时候会被一句话感动，因为真诚；有时候会被一首歌流泪，因为动情；有时候会把回忆当作习惯，因为思念；有时候会发一个短信给你，因为牵挂着你。,"4,11"
妻不在多，有你就够；情不在长，一生足矣；执子之手，白头偕老。美女靠边站，老婆常在心。淑女辣女，都不如老婆大美女。今天爱妻日，我爱你一生一世！,"4,11"
我东找找，西找找，南找找，北找找，上找找，下找找，我找遍四面八方都找不到我的心，突然明白了，原来它已经被你偷走了。,"1,4,11"
有一双手，握住了就不想放开；有一个肩膀，依靠了就不想离开；有一场拥抱，抱紧了就不想分开；有一句誓言，承诺了就不想走开；有一种约定，说好了就不想丢开；有一个人，牵手了就不想松开；有一句祝福，送出了就想你打开：想你了。,"0,4,11"
花开的声音风知道，风儿播微香；雨落的声音心知道，心儿写牵挂；念你的声音梦知道，梦里藏相思；想你的声音信知道：你好吗？,"0,4,5,11"
爱情有两个时间：天荒和地老；爱情有两个人物：我爱的你和你爱的我；爱情有两个地点：天涯和海角。爱情不是两条平行线，因为我们两个人的世界，最终会有一个终点，让我们两手紧握，将爱情进行到底！,"4,11"
人生中什么事情最美丽，莫过于遇见你；人生中什么事情最奇迹；莫过于拥有你；人生中什么事情不能忘记，那就是我爱你一生一世不分离！,"4,11"
点点滴滴的想念，揉进浪漫送给你,"4,11"
在你的面前，我舍不得眨眼，总想多看你一点儿；在你的面前，我停不了思念，总想多陪你一点儿；在你的面前，我说不尽祝愿，总想多爱你一点儿。亲爱的，我爱你！,"4,11"
有了你，生命的变得好美丽；有了你，人生变得好浪漫；有了你，世界变得好幸福；有了你，一切变得好温馨。爱你无须千言万语，只须一句：我爱你！,"4,11"
气你，逗你，只因喜欢你；学你，跟你，只因爱上你；疼你，顺你，只因想追你；想你，爱你，只想亲亲你；疼你，懂你，只想问问你，可否一生与我在一起。,"4,11"
无论发生什么事，我们都要紧紧依靠，牵手一起度过，这是你答应我的。我会一直这样守护着你！,"4,11"
你的笑，划过我的心间，是我一生的眷恋。一世，只为遇见你，月盈，只等你归来。星转斗移，几度春秋，望穿秋水，你何时现身？,"0,4,11"
往事如烟，我们的爱恋，经得其平淡的流年，受得起无聊的流言，相爱一天胜一天，牵手一年又一年，情深意切，无悔无怨。亲爱的，我们要快乐幸福每一天。,"4,11"
握不到你的手，但感觉到你的温柔。想见你，却是经常在梦中，想说爱你，却只能在心里！此时此刻，真的好想你。,"0,4,11"
牵着你的手，带你一起品尝生活的幸福，体味日子的甜蜜；拉着你的手，带你一起走过春夏秋冬，慢慢变老；亲爱的我爱你，愿给你最浪漫的约定，相约到白头！,"4,11"
点点滴滴的想念，汇成爱的浪花，亲吻你；时时刻刻的相伴，交融出心的港湾，拥着你；甜甜美美的情话，诉说出情的真谛，打动你：爱你永远，幸福永远！,"4,11"
在煦暖的春风里，揉进浪漫送给你；在清爽的夏雨里，织进甜蜜送给你；在飘逸的秋云里，注入温馨送给你；在可爱的雪花里，融入开心送给你。亲爱的，我爱你，愿你永远快乐！,"4,11"
月朗星稀，我愿牵着你的手漫步林荫；晴空万里，我想陪你踏遍看尽山河美丽；无论春夏秋冬，无论何种天气，只有和你在一起，都是幸福的给予！我爱你！,"4,11"
爱情是伟大的。它使得数学法则失去了平衡。两个人分担痛苦，只有半个痛苦；两个人共享幸福，却有两个幸福！,"4,11"
把所有的负担给我，让我给你解脱；把所有的忧愁给我，让我给你快乐；把所有的伤心难过给我，让我上演幸福的电波；亲爱的，你笑容绽放的时刻就是我最大的收获！,"4,11"
不管花开花落，有你就有美好的生活；且看云卷云舒，有你是我一生的幸福。细碎时光，悠长岁月，爱如参天树，开出甜蜜花。,"4,11"
夜晚辗转难眠才明白了什么是“思念”；梦醒后才发现有一种“缘”，是“永恒”刻在心间；每次分手时频频回头的双眼，才看见无限的“眷恋”；爱你之情永不间断！,"4,11"
七如妻。夕如你，加上我，多福多乐趣，多缘多爱意。七如你，夕如妻，加上我，七月七情谊，七月七爱你，一年一次七月七，爱你直到古来稀。,4
七夕突然袭击，心中隐隐窃喜，一束鲜花呈递，真情深情寄，缠绵多年心无隙，爱你痴心动天地，虽然无房无车没财力，嫁给我，真情伴我们一生甜蜜。,4
日日夜夜想着你，忆你微笑甜蜜；时时刻刻念着你，念你温柔密语；分分秒秒爱着你，爱你暖人情谊；平平安安送给你，祝你万事如意，快快乐乐寄给你，祝你一切顺利，健健康康寄给你，多多强身健体；七夕来袭，追忆你的气息，幸福洋溢，愿我们甜甜蜜蜜走下去，恩恩爱爱不分离，生生世世在一起。,4
﻿七月七日女会郎，阑珊星斗缀珠光，遥借鹊桥来传情，思慕之心断我肠，银汉牛郎有人望，凡间如我无思量，只望伊人回短信。,"4,7"
银河之上，亿万年的等待，亿万年的守候，在今夕，都化作了我对你的思忆，就在此时此刻，我把它化为一条小小的短信，来表达我那无以言表的爱意。,4
老天给我最大的恩赐就是让我拥有了你，拥有了你的爱！在这七夕之夜，我祝福我们永远在一起，永不分离！！！,4
如果你是织女，而我不是牛郎，那我选择做一只喜鹊，为你的幸福，抛开一切；如果你是太阳，而我不是月亮，那我选择做一颗彗星，宁愿化为乌有，也会义无反顾地靠近你；但我还是无法控制自己，向你表明心意：七夕，代表我的心意。,4
你在我心中是最美。没认识你之前，我还不知道世界上有这样一个人，会让我茶不思，饭不想。不要怀疑，这就是你的魔力。我爱你这是唯一一句。,"4,11"
梦里没有你，那便是个恶梦，云朵不象你，那是朵乌云，心里不想你，那颗不是我的心。,"4,11"
是你的温柔缠住我的心，使我无法不想你；是你的体贴套住了我的人，使我无法不爱你。,"4,11"
七夕七夕今非昔比，你我见面顺应天理跨越银河此番壮举，多亏鹊仙搭桥成趣你我好似牛郎织女，爱你之心，无庸质疑默默心许：让我天天见你,"4,11"
好希望陪着你一直到老，让你做我手心里的宝。,"4,11"
追寻你是我喜欢的，选择你是我依恋的，钟情你是真诚永远的，我承诺的是无悔无怨的，我回报的是前世亏欠的，爱你的心一生不变的。情人节快乐,"4,11"
七夕来了，送你一支七色花：红色是吉利，蓝色是如意，绿色是气愤但愿，黄色是幸运，橙色是甜美，粉色是快乐，紫色是幸福。愿你爱情甜美，拥有七彩人生！,4
你的美丽吸引着我，你的欢笑像雨后的甘露那样清甜，我是清醒的，因为我知道，我真的爱你,"4,11"
或许我没有太阳般狂热的爱，也没有流水般绵长的情，只知道不断地爱你爱你、无所不能地为你付出,"4,11"
七是一个奇数，需要一个你凑成偶数；夕是一天的末尾，需要一个你，与我相约黄昏后。七夕节这一天，我在鹊桥的另一边等你，不见不散！,4
你的美丽吸引着我，你的欢笑像雨后的甘露那样清甜，我是清醒的，因为我知道，我真的爱你,"4,11"
追寻你是我喜欢的，选择你是我依恋的，钟情你是真诚永远的，我承诺的是无悔无怨的，我回报的是前世亏欠的，爱你的心一生不变的。情人节快乐,"4,11"
七夕牛郎织女会，你我短信情相连，可惜离别几百里，不能见面齐相聚，短信传情表我心，短信代表我的心，亲爱的，七夕情人节快乐！,4
在情人节的那天夜里，我想听到的话是我爱你，我希望你做的事是：抱着我，靠着我，说爱我。,"4,11"
亲爱的，你好！在这佳节到来我兴奋不已，只因我们将“没有情人的情人节”抛给历史，诚祝情人节快乐！,"4,11"
﻿﻿七夕情人节，怎样过才更有意义，送你玫瑰有点随意，送盒巧克力没有实质意义，外出旅游有点不切实际，冥思苦相还是送条短信更有意义，也更实际。情人节快乐。,"4,11"
七夕来到，情人笑笑，没有烦恼，只有欢笑，送你礼品，不够情真，送你玫瑰，露出欢笑，手留余香，短信传情，属我情真！,"4,11"
思你之心，柔情似水，念你之意，佳期如梦，人间无数风情，思量朝朝暮暮，七夕佳节之际，释我相思之意，入你鹊桥之路，我心义无反顾，只愿两情长久，短信表我诚意。,4
今日七夕，我追了只喜鹊，奔上了天，跨过银河，去倾听牛郎织女的甜言蜜语，去寻找爱情的真谛，把真情牢记在心底，令真爱传遍在天地，让我悄悄告诉你，请捂好手机：爱你一生永不离，哪怕几生几世纪！祝快乐七夕！,4
对你的思念太重，压断了电话线，烧坏了手机卡，掏尽了钱包袋，吃光了安眠药，唉！可我还是想见你。,"0,1,4"
七夕的钟声敲响的那一时刻，我第一个想到的就是你，因为我想从此时刻开始与你牵手走过一生一世。,4
丝丝清风缠你心情万缕，绵绵夏雨拌我思念如潮。寄语白云朵朵，与你共赏七夕。说不尽相思苦，道不完爱你浓，七夕明月能传情，只望鹊桥可相会，爱你到永远！,4
七夕颁发七条禁令：禁假装工作忙不理我；禁发财忘了我；禁有时间不想我；禁有趣事不告我；禁有好吃的不带我；禁有好玩的信息不发给我；禁每天不快乐！,4
多久没跟我问候了，多久没关心过我了，整天忙工作忙事业，你心里还有我么，如果你已经不爱我了，请早点告诉我，亲爱的，辛苦累坏了我心疼啊，七夕快乐。,"1,4"
没有牛郎，织女难过七夕，没有你，甜蜜幸福难觅，没有七夕，甜蜜日子少一季，没有葡萄架，二人世界躲哪里，没有点小雨，亲密该多介意，七夕幸福有天意。,4
如果我有神灯，我将有三个许愿的机会。但我只要一个就够了！我将许下这个愿：我要你的无数个来生，与你热恋十万个世纪！,"4,11"
我愿是黑夜里的一盏明灯，为你照亮回家的道路；我愿是林间的一棵大树，为你遮挡烈日浓浓；我愿你星空中的一颗繁星，为你拂去孤单寂寞；我愿是空气中的一缕尘埃，可以与你形影不离。七夕将临，邀你共度，可行？,"1,4,9"
今天是年的七夕，在七夕的钟声响起的时候，我把圆硬币扔进了汉江，我立志在找到它之前我会一直爱你。,"1,4"
爱情是伟大的。它使得数学法则失去了平衡。两个人分担痛苦，只有半个痛苦；两个人共享幸福，却有两个幸福！,"4,11"
银河再宽，隔不断心与心的距离；分离再久，爱也不会随着时间尔改变；温暖的爱意被喜鹊带到我美丽的仙女身边，七夕情人节，我要做你永远的牛郎。,4
那一年，你青春如花，我年少轻狂；那一年，你纯洁美丽，我有情有义；那一年，阳光浪漫，花开灿烂。七夕将至，不管过去还是现在，对你的爱永不改变。,4
亲爱的，我已办好缘份签证，领到爱情护照，将于浪漫七夕从鹊桥航空港出发，搭乘幸福航班，飞越茫茫银河，前往爱的国度。机票有两张哦，等你不见不散！,4
俗话说：火车不是推的，幸福不是吹的；七夕了，我要对你说：有你就是对的，心儿也会醉的。,4
七夕节快乐！愿我俩的爱情能比牛郎织女更深，但不要像他们的两地相思。相思之苦好惨喔！,4
莫羡鹊桥仙，人间花更嫣；今沐七夕雨，爱你更心坚！,"4,7"
你就是这么莫名其妙，就是这么义无返顾，不论我是否是你今生的唯一，但你却是我一生的最爱！祝你七夕节快乐。,4
爱情是一场持久战，经过艰巨的阵地战、拉锯战、游击战我终于明白，你是不可战胜的！我投降啦，请接受战俘一名！,"1,4,11"
你是我最思念的人，朵朵玫瑰似我的热情；你是我最爱的人，片片巧克力就是我的心。亲爱的，七夕赏月，行不！,4
今天我发快递把最贵的巧克力和玫瑰送给你和你的恋人，作为七七情人节的礼物哦忘了，这礼物是由你来结帐的还有我找到工作了，在礼品店。,"1,4"
你有一千个一万个让我讨厌的理由，但是只有唯一一个例外，我还是爱你的！亲爱的，七夕情人节快乐！,4
天不老，情难绝，鹊桥上为你我系上同心结,"4,7"
与你相识是一种缘，与你相恋是一种美，与你相伴是一种福，我愿和你相伴到永远。七七情人节快乐,4
在一起的日子很平淡，似乎波澜不惊，只是，这种平凡的日子是最浪漫的，对吗亲爱的，七七情人节快乐,"4,11"
遇到你之前，世界是一片荒原，遇到你之后，世界是一个乐园，过去的许多岁月，对我象一缕轻烟，未来的无限生涯，因你而幸福无边。七七情人节因你而有意义,"4,11"
千山万水飞难渡，何处离情诉？天涯地角几多愁，只有拥你入怀恨方休！,"0,4"
如果天有情，如果梦会灵，就让我的心爱到彻底，我对你的爱已无法说明，就像风吹不息，雨打不停，此情不渝。,"4,11"
独自莫凭栏，千里江山，别时容易见时难。流水落花春去也，天上人间。你想我吗？,"0,4"
我相信有月亮为证，我们的爱情一定会长久不变的。我不会离开你，就像月亮不会离开地球一样。,"4,11"
花开花谢有绿叶相伴，月升月落有星辰相随，不离不弃有七夕相传。七夕到了，我愿向你许下誓愿，今生不离不弃，永远相伴。祝七夕快乐！,4
七夕赠你七份礼，先赠：一心，一意，一辈子；再赠：一瓣心香，一生承诺，一点灵犀，最后赠你一表人才最爱你的我！,4
鹊桥牵织有真情，相思千百至此期。愿我情，铸长心；伴你意，破长云。两情共享七夕，惹星慕月嫉。,"4,7"
自见你那一刻，我已深深把你记住。你的一颦一笑，一举一动，都宛如仙女般不可玷污。在你面前我总是表现突出，最大程度发挥长处，期盼引起你的偶尔关注，这样我就很满足，结果也没辜负，你体会到我对你的守护，感受到我的体贴成熟，你加入我的生活像炼乳，让人生变得有滋有味无比幸福。亲爱的，七夕快乐，感谢你的陪伴，希望我们相伴到永久！,"4,11"
匆匆脚步，恐把佳期误；迢迢星路，思念每一步；银河横渡，浪漫无重数；千年相遇，甜蜜仍如初。缘定三生，相约七夕，愿与你牵手朝朝暮暮。,"4,7"
你的来到像一道温暖的曙光，从此我的人生注入了新的希望。你笑起来，嘴角似月牙弯弯，很开朗漂亮。背影纤细柔弱，走起路来不慌不忙，你的一切都令我好奇神往，心湖泛起涟漪荡漾。老婆，七夕快乐，是你让我生活多姿多彩如天堂！,"4,11"
你的一切我都关注，精心准备送你的礼物，却不知以怎样的理由送出。直到那天，你告诉我你已心有所属，而那人正是我。那一刻，我大声欢呼，承蒙老天眷顾，我会把你好好照顾，这是我应尽的责任与义务，不求回报，只愿为了你而付出，你就是我的全部。七夕快乐，亲爱的，愿我们的爱情永远甜蜜如初！,"4,11"
迷茫时，是你在万千人海找到我；绝望时，是你用厚实的手掌包围我；退缩时，是你的肯定帮我重燃斗志；落泪时，是你用温暖的胸膛守护我。七夕到了，牛郎织女隔河望，你我虽已两地分，但我会用心守护你给我的幸福，直到你归来的那日！,"0,4"
夜空下，葡萄藤，我们一起数星星。一颗星，两颗星，璀璨纯洁似水晶。银河中，鹊桥行，那是牵牛织女星。美丽的你，如诗的七夕，如梦的七夕情人节！,4
你有一双迷人的黑瞳，有时忧心忡忡，有时单纯懵懂，总之令我怦然心动。素色的裙子在风中，尽情舞动。只想用最美的歌声来讲你赞颂。亲爱的，七夕快乐，让我们共同编织属于我们自己的美梦，让生活与众不同！,4
我是牛郎你是织女，短信好比鹊桥伴侣，分别多时相思如雨，梦中荡起你的旋律，好想撩起你的发缕，默默注视你的眉宇，好想倾听你的风趣，七夕节到了，我等你！,"4,11"
流星落了，那是天哭了；雨水下了，那是我的思念涨潮了；月亮升了，那是你我的目光交错了；人间的喜鹊飞了那是它们为爱的七夕致敬去了！祝七夕快乐！,4
恋你是我心里的秘密，爱你是我幸福的甜蜜，疼你是我活着的意义。我可以没有自己，但绝不能没有你！水晶之恋，爱你一生不变！七夕快乐！,"4,11"
不高也不帅，老大没人爱，房子还没盖，车子也想买，对你只有爱，外加空钱袋，如果七夕答应嫁给我唯有爱似海！,4
今天我发快递把最贵的巧克力和玫瑰送给你和你的恋人，作为七七情人节的礼物；哦忘了，这礼物是由你来结帐的；还有我找到工作了，在礼品店。,"1,4"
雨点轻敲窗，风吹散梦想，唯有你的模样，依旧在脑海徜徉。夜阑静心房，月明思念长，舍半生轻狂，只为拥你人生路上共翱翔。七夕将至，祝福并思念你。,4
一生一世执子手，不离不弃共白头。苦乐同分享，风雨齐牵手。盈盈剪烛西窗，款款闲话沧桑。即使两鬓苍苍，相依同看斜阳。爱你永不变，七夕快乐！,"4,7"
炎热渐渐靠近，才发觉七夕也悄然而来，这一刻什么都可能忘记，惟独忘不了的是向你轻轻地说声：你快乐，我就开心，祝每天快乐！,4
﻿相爱没有那么容易，每个人都有他的脾气。但是为了你，我会收起我所有的脾气，因为我只想好好爱你而已。七夕节快到了，让我们一起度过吧！,"4,11"
雷峰塔倒，道不尽我对你的思念；西湖水干，赶不走我对你的挂念；断桥桥裂，列不清我对你的爱恋。七夕佳节，对你思念倍胜前，爱你疼你直到老。,4
乐漫漫岁月长又长，你我情意缠绵绵。闪闪银河长又长，你我心意总相投。鹊儿搭桥长又长，你我七夕喜相逢。幸福未来长又长，久久爱意在心头。,"4,7"
老婆是树，情人是草；栽棵大树，种片小草；树要抱牢，草要护好；树下乘凉，草上遛鸟；和谐社会，绿色环保；科学恋爱，全面协调。顺祝七夕情人节好！,"1,4"
扬起风吹向你，带着我的祝福，寂寞我不在乎，你快乐我就满足，想你是我的幸福！千万个思念，在空气中凝固。七夕佳节，盼望与你相聚！,4
愿我的手放在你手里，握手深情甜如蜜；愿我的心靠在你心里，心心相印永不渝。愿我的眼看在你眼里，望一眼柔情时空也停。七夕节到了，祝你幸福快乐！,"4,11"
一辈子有多久，天知道；人生路有多长，地知道；比翼鸟飞多高，云知道；连理枝靠多紧，风知道；爱你有多深，我知道；祝福有多真，你知道。七夕快乐！,"4,11"
有你，再苦的生活也不觉累；有你，再大的险阻也无所畏；有你，再大的波折也不担忧；有你，就拥有了全世界。七夕将至，对你的爱，一生不变！,"4,11"
最绚丽的烟火，不过一刹那；最甜蜜的味道，不过一小块；最炽热的誓言，不过一两句。平淡才是长久，真情值得拥有。七夕将至，最真的情意送给你。,"4,11"
一心一意我想你，两情相悦甜如蜜，三世情缘创奇迹，四时充美人欢喜，五福临门笑口开，六六大顺吉祥意，七夕之恋亲亲你：宝贝，情人节快乐！,4
因为潮流，布料少了；因为空调，汗水少了；因为应酬，亲情少了；因为宴会，食欲少了；因为竞争，悠闲少了；因为你，我的生活精彩了！七夕情人节快乐！,4
小时侯的梦想，历来就不曾遗忘，找个世上最美的新娘，爱你地久天长。给我最爱的老婆，永远是港湾。,4
遇到之前，世界是荒原；遇到之后，世界是乐园。过去的岁月，像一缕轻烟，未来的无限生涯，因你而幸福无边。,"4,11"
永远抹不掉对你思念，相互的约定永记心间，遥远的可曾记得？每年的七夕之夜，相互心里的鹊桥上见！,4
编辑我的祝福万语千言，发送我的问候到你的心田，删除你的痛苦到天边，回收我的回忆保存到永远，爱你不用蜜语甜言七七情人节快乐！,4
在时间的驿站，我要许一个心愿叫永远；在爱情的港湾，我将寄一份希望叫真挚。在七夕的日子里，我会用真情和你度过，愿相守的情谊伴着真挚到永远。,4
每个七夕的夜晚，当你推开窗，看着天上最亮的那颗星，你要知道，这代表远方的我在牵挂着你。没错，牵牛星就这么来的！今晚不见不散，七夕快乐！,4
﻿茫茫，人海里一点孤鸿；欣欣，岁月里觅你芳踪；轻轻，缘分里偶然相逢；慢慢，微风里思念飘送；真真，星空里爱如彩虹；默默，七夕里想你入梦。,"4,7"
走对了路，每段都是精彩的；做对了事，每件都是开心的；唱对了歌，每首都是动听的；说对了话，每句都是乐耳的；爱对了人，每天都是幸福的。七夕快乐！,"4,11"
漫漫岁月长又长，你我情意缠绵绵。闪闪银河长又长，你我心意总相投。鹊儿搭桥长又长，你我七夕喜相逢。幸福未来长又长，久久爱意在心头。,4
漫长爱情的等待，印证牛郎织女的挚爱；时刻心中的期盼，见证了牛郎织女的爱恋；牛郎织女的神话，人间爱情的播撒，给你我的爱，爱你到永远，七夕快乐！,4
脉脉相对，迢迢相会，金风玉露情珍贵；渺渺银河，恋恋鹊桥，两情长久青山翠；纤纤素手，盈盈柔情，佳期如梦今又醉。七夕执子之手，一生幸福同走。,4
裸婚自古盛行，司马相如凤求凰，卓文君嫁了；张生弹琴诉衷情，崔莺莺嫁了；牛郎抢衣求婚情，织女也嫁了。七夕，我真心一颗，爱意万千，你也嫁了吧！,4
星空下，葡萄架，相约叙桑麻。流星雨，许愿墙，花移影成双。银河上，鹊桥中，牵牛织女情。七夕里，甜蜜蜜，相拥我和你。祝福在七夕，开心又美丽！,4
盼星星，盼月亮，盼你回到我的身旁；想今天，想明天，想着与你相遇那天；情不变，情不移，即使难聚心也唯一；心相依，心相守，相聚一刻也是永久。七夕到了，我们即使像织女牛郎一般难以相见，但我们心中有爱，情比金坚！,4
罗密欧与朱莉叶够惨吧，梁山伯跟祝英台够悲吧，牛郎和织女够辛酸吧，相比之下你我够甜蜜吧，七夕到了，让我们将甜蜜发扬下去，将幸福发行下去，将爱情发展下去，亲爱的，七夕快乐！,4
小时候，七夕是一篇懵懂的童话故事。我还留着小平头，你也是个小丫头；上学了，七夕是一首要背诵的诗歌，我为默写想破头，你偷笑看我直摇头；毕业了，七夕是一个离别是夏季，我轻轻亲你额头，你便永驻我心头；现在，七夕是一条字斟句酌的短信，我想和你到白头，不知看短信的你是否会点头？,4
真诚的心只向你敞开，真情的爱只对你迷恋，真心的话只对你表白。七夕到了，请相信我的爱，会像牛郎一般，爱你绝不改变！,4
上帝在人潮选中你我两个陌生人，相遇，相识，相知，相守，相信这一切都是冥冥中注定。为了这个美丽的注定，我承诺过要爱你一生。七夕节，希望你幸福，愿我们永远快乐！,"4,11"
爱是缘分，爱是感动，爱是习惯，爱是宽容，爱是牺牲，爱是体谅，爱是一辈子的承诺。,"4,11"
今生与你相识，再无遗憾；今朝和你相知，三生有幸；今世你我相恋，缘分已定；七夕到了，今宵有你陪伴，我的世界灿烂一片。亲爱的，我陪你过七夕。,4
对你的思念，断了线，在牵肠挂肚中泛滥；对你的爱恋，蔓了延，在两情相悦中惊艳；对你的陪伴，不间断，在同甘共苦中勇敢。爱你，会永远，七夕节愿有你陪伴，留住幸福的瞬间。,"4,11"
最想跟你说的是爱你，最想与你走的是人生，最想和你过的是日子，最想带你去的是鹊桥，七夕情人节到了，亲爱的，我爱你，愿你七夕快乐！,4
七夕的情，最真，因为有永恒的爱恋牵系；七夕的夜，最美，因为有美丽的传说点缀；七夕的祝福，最灵，因为有浪漫的星光见证：愿你爱情甜蜜，幸福如意！,4
不是玫瑰花才能代表爱情，不是每个节日都叫七夕节，不是每对男女都能成情侣，不是朝夕相对才叫珍惜。愿远方我挚爱的你，七夕节快乐！,4
第一个七夕节，你觉得我礼貌、优秀、有修养，那时我们是泛泛之交；第二个七夕节，你觉得我可爱又幽默，搞笑又谦让，嗨，我们已经是熟人了；第三个七夕节，你觉得我霸道专横，脾气坏又骄傲，恭喜你，我们是很好的朋友；这个七夕节，你看着我时觉得我就是唯一，谢谢你，我爱你。,4
我的爱，跨过了银河，踏过了鹊桥，在牛郎织女的见证下，漂到了人间，融入在浓浓的问候里，亲爱的七夕到了，愿你永远快乐，我爱你！,4
我不想说天荒地老海枯石烂，我不会花言巧语坑蒙拐骗，我也不会忽悠说爱你一万年，我只想说你需要我的时候，我会立刻出现。七夕快乐！,"4,7,11"
亲爱的，你的温柔像碧水环绕着我；你的体贴像清风吹拂着我，你的爱恋像细雨滋润着我，你的信任深情像阳光温暖着我。七夕到了，希望我们的爱情甜蜜百年。,4
日月星辰的相逢让日夜交替，时光匆忙的脚步让季节变迁，青山绿水的相守让美景蔓延，你我甜蜜的相爱让情意荡漾，七夕到了，不管日夜交替，不问季节变迁，我们的爱就是最美的风景。,4
我的相思织成网，我的真情搭成桥，我的承诺化做风：无论银河是多么宽阔，都不能阻止我们的心灵的交融！,4
七夕到来浪漫到，天上人间共神话。牛郎织女鹊桥会，人间情侣也成对。心心相印无朝暮，岁岁年年情不移。手牵手儿盟誓愿，今生爱你永不变。祝七夕快乐！,4
采春风的柔婉抚去爱情的忧伤，留下甜美；夏雨的沁凉洗去爱情的猜忌，留下真诚；秋月的皎洁渲染爱情的冷淡，留下温暖；冬雪的圣洁纯白爱情的平淡，留下欢颜。体会四季的真谛，爱情定能甜甜蜜蜜。,"4,11"
离开了你，我的心就停止了跳动；看不见你，我的眼睛就会失明；拉不到你的手，我的手就失去温度；看不见你的笑，我的世界就只有黑暗！,"4,11"
不似太阳般狂热激烈，不似大海般磅礴奔腾，不似溪水般缠缠绵绵，只有一颗爱你的心永不停息，为你倾尽所有亦无悔。亲爱的，我想你了！,"0,4,11"
有些爱，在不经意中，刻骨；有些人，在不经意时，相遇；有些事，在不经意间，开始；有句话，三个字，在不经意里，想要脱口而出！我的爱，你懂得！,"4,11"
我生命里的所有时光，都因为你而变得多彩；我生命里的所有烦恼，都因为你而消失不在；有你在，就有快乐，就有希望，你是如此得让我爱！,"4,11"
你是台灯我是电源，扫除爱的黑暗，你是鼠标我是键盘，创造电子世界不平安，你是牙膏我是牙刷，每天甜蜜洗刷刷，你是衣服我是一家，沐浴阳光一起乐哈，爱我吧！,"4,11"
看到你时快乐开心，你离开时烦恼伤心！你对我笑高兴脸红，你不高兴一切没劲！甜言蜜语说一大筐，只愿见你幸福微笑！亲爱的，只愿你过得高兴！,"4,11"
天虽然冷了，手都颤抖了，人也懒惰了，但这无法阻止我给你发短信，因为我要告诉你，我们的爱情，像暖流一样，可以融化一切寒冷。,"4,11"
一合一分话别甚苦，一喜一泣黯然神伤，一拥一吻残留余温，一笑一哭此情长流。我们心同相知，天涯海角共此时，明月似我心，此情久久！,"4,11"
生活偶有悲伤，没什么大不了，有你的甜美笑容，烦恼瞬间瓦解，苦闷眨眼即消。你就是我的开心果，我要把你好好珍藏。我想让你知道：我爱你，更甚前！,"4,11"
我忽略时间，因为等你出现，我忽略距离，因为等你出现，我忽略雨天，因为等你出现，我忽略语言，因为想你一直未变，亲爱的，想你了。,"0,4,11"
生命中仍有更重要的事，像我们的相遇，像我第一次注目凝视你的时候，爱上你的那一刻，就是我生命中最重要的事。,"4,11"
遇见你以前，我的心似一条小溪，涓涓流淌；遇见你以后，却似汪洋大海，波涛澎湃！永远不能平息。,"4,11"
我不能保证爱你到地老天荒，但是我可以保证爱你爱到我咽下最后一口气。我会让你触摸到这真实的爱。,"4,11"
爱在我这里是鼠标，爱在你那里是屏幕；爱在我这里是邮局，爱在你那里是信箱。你就是我全部。,"4,11"
我不喜欢美丽却虚幻的彩虹；我喜欢你，你是如此真实，你像一条跳跃的小溪，清清亮亮，一眼见底。,"4,11"
当海枯石烂，激情不在，你我青春已逝，白发在风中闪耀，至少想起你我会微笑！,"4,11"
一份前世的约定，相守这段今生的情缘，享受着这份难得的爱情，孕育的是来生再续的承诺。有你无憾！,"4,11"
全世界我也可以放弃，只是不愿意失去你的消息，我会好好地爱你，傻傻爱你，不去计较公平与不公平！,"4,11"
我喜欢有爱的日子写一首长诗，天天来到这清丽的心海，逐行逐段地检视，读每一个与你有关联的字！享受有你的幸福与快乐。,"4,11"
我的爱掉进你的海里，溅起一片蓝色的月光。我的心在月里水里慢慢地随波荡漾。这涟漪为你而泛起。,"4,11"
你给了我脉脉温情，似水柔情，如火激情，深深痴情，一腔纯情，无限热情，一片真情，你是我朝思梦想的情人！,"4,11"
我眼中有一道彩虹，那是你美丽善良的心灵；我心中有一份情感，那是对你的思念。知道我在想你吗？,"0,4"
多情的季节，多情的雨，多情的人儿想着你。孤枕难眠思念你，寂寞的时刻想着你，不知何时才能见到你！,"0,4,11"
爱你不是我的错，可沉湎其中不能自拔就是我的错了；不喜欢我无关紧要，不说出来就是你的错了！,"4,11"
当你看到这条短信息时，你已经中了猛烈无比的爱毒，唯一的解药就是嫁给我，不用考虑了，咱们结婚吧！,"4,11"
你的过去我来不及参与，你的未来我不会再错过！真诚之中，与你相识相知；灵犀之间，与你朝夕相伴。,"4,11"
如果青蛙没有变成王子，如果公主没有醒来，如果小人鱼没有化作泡沫，我还会相信爱情吗？相信！因为还有你在我的身边。茫茫人海，凭你的名字导航；凄凄寒夜，握你的名字取暖；漫漫人生，携你的名字同游。,"4,11"
情是心中的向往，是感觉的共鸣，是灵感的碰撞，是电光的闪耀，是甜蜜的琼浆，是醉人的纯酒。祝你情人节快乐！,"4,11"
小懒猫，睡得香呢今天是七夕哦要想我哦,4
鹊桥飞架南北，你我共度良辰，我的宝贝，我想你！！,"0,4"
亲爱的我爱你、嘴巴想吻你、眼睛想看你、两手想抱你，心里总是想你、梦中拥着你、今生全依你、绝不委屈你。,"4,11"
七夕如愿，盼今朝红叶香残怨可消，朝朝暮暮图永久，缠缠绵绵诉心焦。上天又给我一个约你的借口，相爱的人儿，与你共渡，天天都是情人节。,4
很感谢你给我了一生中最快乐的时光，今天是中国的情人节，祝我们俩永远相爱，白头偕老！深深地吻你！！：,4
看到你，我怕触电；看不到你，我需要充电；如果没有你，我想我会断电。爱你是我的职业，想你是我的事业，抱你是我的特长，吻你是我的专业！,"4,11"
好想做你的手机，揣在你怀里，捧在你手里，看在你眼里，记在你心里！,"4,11"
情人节，我愿做一条鱼，任你红烧、白煮、清蒸，然后躺在你温柔的胃里。,"1,4,11"
爱你不是目的，目的是爱死你！爱你不是目的，目的是爱你一辈子！,"4,11"
对你的思念太重，压断了电话线，烧坏了手机卡，掏尽了钱包袋，吃光了安眠药，哎！可是我还是思念你。,"0,4,11"
你是火车，我是铁路；你是砖瓦，我是泥巴；你是云，我是风；你是巧克力，我是包装纸；你是爱，我是情，有你真精彩。,"4,11"
我对你的爱如滔滔江水川流不息，又如黄河泛滥一发不可收拾，再如日落西山灿烂辉煌。我想你爱你，我不能没有你，我一定要得到你！,"4,11"
梦里没有你，那便是个恶梦，云朵不象你，那是朵乌云，心里不想你，那颗不是我的心,"4,11"
是你的温柔缠住我的心，使我无法不想你；是你的体贴套住了我的人，使我无法不爱你。,"4,11"
月影光如昼，银霜茫茫；七夕会鹊桥，情意绵绵。仙花团锦簇，美景交融；仙鹊聚天桥，好生幸福！,"4,7,11"
织女不用敛蛾眉，前度牛郎今又回。鹊桥执手望泪眼，良辰美景不思归。,"4,11"
我们不做牛郎织女，因为他们相距太远而相见又太短；我们要做我们自己，因为有你在我身边把我的心牢牢拽住！,"4,11"
我不能一年只见你一次，所以我不过“七夕”！！！,"1,4"
亲爱的，今天是中国情人节。远远的，送你一个情人节的吻！中国式。,4
七是一个奇数，要你来凑一个双偶数。,4
情人、爱人、佳人，七夕节的你是我的人儿。,4
有一种默契叫做心照不宣，有一种感觉叫做妙不可言，有一种幸福叫做有你相伴，有一个白痴会把它看完。,"1,4"
读它你欠我一个拥抱；删除它欠我一个吻；储存它欠我一个约会；如回复你欠我全部；如不回你就是我的。选择！,"1,4,11"
知道情人节我想吃什么吗？煮你，炒你，清蒸你；烤你，焖你，红烧你；炸你，煎你，凉拌你！,"1,4,11"
﻿相爱永远，相伴七夕，七夕就是我们爱的证明！,4
柔情似水，佳期如梦，七月七日，牛郎织女，鹊桥相会，中国情人，曰为节日，共度七夕，天长地久。,"4,7"
天上人间，七夕相见，今生前世，共枕同眠。,4
上邪，我欲与君相知，长命无绝衰。山无陵，江水为竭，冬雷震震，夏雨雪，天地合，乃敢与君绝！,"4,7,11"
世间本无沙漠，我每想你一次，上帝就落下一粒沙，从此便有了撒哈拉！这世界本来没有海，只因为我每想你一次，上帝就掉下一滴眼泪，于是就有了太平洋。,"4,11"
如果爱你是一种错误的话，那我情愿错上加错，哪怕错一辈子！,"4,11"
长相思，晓月寒，晚风寒，情人佳节独往还，顾影自凄然。见亦难，思亦难，长夜漫漫抱恨眠，问伊怜不怜。,"0,4,11"
星月不误，因为你已离去；清风不语，因为我在哭泣；我也不语，因为还在想你。,"0,4"
在错的时间遇上对的人，是一场伤心；在对的时间遇上错的人，是一声叹息；在对的时间遇上对的人，是一生幸福。,"4,11"
﻿好妻子，我时刻离不开你：没有你，冷菜冷饭难下咽；没有你，孤灯独影半床寒；没有你，心里空空少言语。有了你，美味佳肴早备齐；有了你，同床共枕好福气；有了你，心花怒放好欢喜。,"4,11"
记得第一次见你的时候，我痴痴地盯着一你看了很久八九，然后叹口气说：“咦，这恐龙怎么做得这么像真的呢？”,"1,4,11"
牛郎一年守望在七夕，织女四季遐想在七夕，喜鹊飞翔欢乐在七夕，银河流淌深情在七夕，爱情美好榜样在七夕，祝福幸福感觉在七夕，愿你快乐七夕。,"4,5"
亲爱的织女：七夕情人节将至，愿我们高举中国特色痴情主义伟大旗帜，发扬鹊桥相会优良传统，保持二人世界爱情在线，携手开创爱情新局面。牛郎敬上。,"1,4"
﻿﻿﻿美丽的心事，也是折磨人的心事，爱情把我们的心拉的好近好近，距离把我们拉的好远好远。我期待你的璀璨笑容和明亮眼神，在我生命里恣意绽放，闪烁如金,"0,4,11"
春风微微的吹拂，在耳边的是你甜蜜的呢喃。柳絮轻轻的过眼，在视线中是你欢愉的红颜。我们的爱，在瞬间，绿了山冈，暖了清泉,"4,11"
读你的笑容，我像看到蝴蝶在飞舞。面对你的热情，我深深地震撼，真想化为蝴蝶，投入你的怀抱，相信今生我们一定是最美丽的蝴蝶，翩然地流连于花丛之中,"4,11"
傻是我的特长，痴是我的理想，当傻和痴交织在一起的时候，便是我梦境里最美的天堂，别笑我，我就这么痴心，我会傻傻的爱你、痴痴的恋你，一直到老！,"4,11"
爱情是一种生存的愿望。有谁能说，他能够并且要去反对生存的愿望呢？,"4,11"
闪电照耀一瞬间，而爱情却照耀一生。,"4,5,11"
爱情像一支美妙的歌曲，要谱好这支歌却不太容易。,"4,11"
为你采白云一朵，为你摘星星一颗我不愿这样做，我愿做些什么呢？疲倦时为你揉一揉肩膀；劳累时打来热水为你洗一洗脚，你舒服的神情，是我心中的蜜,"4,11"
时间冲不淡真情的酒，距离拉不开思念的手。想你，直到地老天荒，直到永久。,"0,4,11"
其实天很蓝，阴云终要散；其实海不宽，此岸连彼岸；其实泪也甜，当你心如愿；其实我要你，开心每一天。,"4,11"
用地平线织一件毛衣送你，不管你到哪，都不出我的视线；用视线织一件毛衣送你，不管你去哪，我都把你看见。,"4,11"
玫瑰色的阳光洒满人间，浪漫永存；在你的身上洒满快乐，清香永留；在你的掌心播下温暖，关爱永久；只属于你我的情人节，心心相印！,"4,11"
爱情要懂得珍惜，随着岁月加倍地珍惜。,"4,11"
爱情的力量是相当大的，天地万物与之相比都黯然失色。,"4,11"
在金光灿烂的春天里，只有爱情才最欢乐。,"4,11"
只有爱情才能使婚姻变得圣洁；只有被爱情圣洁化了的婚姻，才是真正的婚姻。,"4,11"
用浪漫点缀美妙的时光，用甜蜜包裹美好的生活，用幸福守望甜美的爱情，用真心倾诉真爱的誓言：亲爱的，爱你一辈子，永远不分离！,"4,11"
生活的美酒，用甜蜜勾兑；生命的路途，用浪漫铺垫；人生的点滴，用真情融入；日子的幸福，用真爱酝酿；爱情的誓言，用真心表达：亲爱的，我爱你！,"4,7,11"
我用真诚诠释恋情，我用真心演绎爱恋，我用真挚对待感情，我用一生打造爱情的真谛，亲爱的我爱你，愿携你手走过一生一世，永不分开！,"4,11"
绵绵的柔情，只为你倾心；片片的浪漫，只为你挥洒；滴滴的甜蜜，只为你酝酿；深深的爱恋，只为你上演；痴痴的真心，只为你悦动：亲爱的，我爱你！,"4,11"
你是航船我是帆，等你归航进港湾，洗去征尘绽笑脸，揽你入怀睡梦甜，祝你天天随心愿，快乐幸福到永远！让思绪的希翼载着幸福，驶向爱和温暖的港湾！,"4,7,11"
别去一年与君同，既相见，逢亦匆，美舞如梦，相思无穷，一切尽在不言中；今岁依然看花红，时光行，思余生，回望流星，愿与神通，恩爱依旧祈福浓。,"4,7,11"
心相依，永不悔，有一种相遇叫最美；春花香，蝴蝶飞，有一种思念叫沉醉；夜无眠，饭无味，有一种付出叫珍贵；雨无阻，任风吹，人间真情最为美。爱不移，情不变，有一种情意叫想你永远。愿你幸福快乐天天！,"4,11"
世事变迁有你陪伴，工作繁忙顺心光鲜，旅途疲劳朋友相见，心情失落放松心愿，生活顺心才是温暖，电话短信联系不断，咫尺天涯情意无限！,"4,7,11"
甜蜜的时光，流淌浪漫；美好的扉页，写满柔情；心灵的空间，蓄满真爱；幸福的牵手，悦动彼此；真心的誓言，脱口而出：爱你一生，永不分离！,"4,7,11"
款款的柔情，为你迷醉；片片的浪漫，为你挥洒；点点的甜蜜，为你酝酿；痴痴的真爱，为你执着；真真的心跳，为你悦动。爱你一生一世，永不分离！,"4,11"
你脸颊的笑意，是我全情的付出。你眉间的柔情，是我衷心的期盼。人生路上，我们相依相伴。60年后，我们依旧十指相扣，这就是细水长流的爱情。亲爱的，我爱你。,"4,11"
牵着你的手，带你一起品尝生活的幸福，体味日子的甜蜜；拉着你的手，带你一起走过春夏秋冬，慢慢变老；亲爱的我爱你，愿给你最浪漫的约定，相约到白头！,"4,11"
花儿艳艳，如同你美丽的容颜；雨丝飘飘，恰似你似水的柔情；轻风阵阵，就是你入微的体贴；每时每刻我都想告诉你啊：我真的好爱你！,"4,7,11"
殷切期盼，你是我最深的思念；情谊有佳，你是我无尽的牵挂；感情至深，你是我最大的福分；快乐路途，你是我最佳的礼物；健康幸福，你是我最美的财富！,"4,7,11"
风雨无情天有情，你的恩爱最关情，刮风下雨总会停，对你思念不会停，发条短信送给你，风调雨顺爱更浓，风雨兼程送心愿，祝你天天好心情！,"4,7,11"
音韵绕梁行，踏歌越寒冬，一夜大地花嫣红；新雨洒美梦，相思剪春风，携手芳影与君同。是你懂我的爱，我的笑，我的痴，和我那流淌的情思，我愿与君结伴同行！,"4,11"
猪问妈妈幸福在哪里，妈妈说幸福就在自己的尾巴上。于是小猪开始用嘴咬它的小尾巴，妈妈笑笑说：“孩子，只要你一直往前走，幸福会一直跟着你的！”,"4,5,11"
世界上最难断的是感情，最难求的是爱情，最难还的人情，最难得的是友情，最难分的亲情，最难找的是真情，最想看的是你微笑的表情！,"4,11"
天远嵩山下，冷月伴清笛，佳节日渐近，依稀离乡情，小酌寄忧思，心愁无所倚，感怀泪沾襟，冒然归故里。同音不同字，把每句第一个字连起来读,"4,7,11"
天上最美的是星星，人间最美的是真情，外表留给人的是印象，内心留给人的是感情，珍惜了今天你就拥有了明天，愿你开怀地笑，温柔地睡！,"4,11"
其实天很蓝，阴云终要散；其实海不宽，此岸连彼岸；其实泪也甜，当你心如愿；其实生活很美好，只要你乐观；其实我要你，开心每一天！,"4,11"
今天变天，当心着凉注意身体，吃么么香凉天添衣，少吃冰棒吃香睡香，身体倍棒,"4,11"
我的心里有座山，你是山上唯一的客，你若快乐，它便苍松翠竹，漫山遍野桃红柳绿，你若悲伤，它便冰天雪地，视野所及满目疮痍。亲爱的七夕快乐！,"4,11"
年年岁岁花相似，岁岁年年人不同。刻骨铭心的真爱，让牛郎织女眷恋千年。纵然千难万险，两颗相爱的心始终相依相伴。前世修来的福缘，让你我携手人间。一双握紧的手，无须万语千言。心心相印长相守，相亲相爱到永远。爱在天上，爱在人间。我爱你就像你爱我一样，七夕快乐！,4
对你的思念，化作满天眨眼的星星，日夜守护着你，形影不离！对你的牵挂，化作美丽的彩虹，连接你我，心有灵犀！清风徐徐，祝福无期，让真情和白云一起飘逸，让真爱和皎月共同涟漪！七夕快乐，快乐七夕！,"4,11"
鹊桥弯弯情谊浓，牛郎织女见面欢。星河璀璨空中闪，天上人间共缠绵。手牵手儿心相连，知心的话儿说不完。幸福生活绕身边，爱情滚滚似江河，滔滔不绝心中现。只愿此生永相伴，生生死死手相牵。愿你七夕快乐无限！,4
无需海誓山盟，无需甜言蜜语。爱就是心心相印、相濡以沫。爱就是风雨同舟、患难与共。七夕节，手牵手心连心我爱你天地鉴。,"4,11"
七月七日七夕夜，牛郎织女来会面。天上人间情难断，恩恩爱爱心不变。哪怕王母银河变，也有鹊桥助神仙。你我情比磐石坚，坎坷虽有难断绝。此心可堪比日月，地久天长永不变。愿你七夕快乐笑开颜，你我相伴到海枯石烂！,4
七月初七，一个古老的约定，一段永恒的爱情，一个你我的世界，不是因为特别才珍惜，而是因为珍惜才显得特别。一路走来，唯有你最珍贵。亲爱的祝七夕快乐！,4
七夕节，为你准备了真心，对你的真情独具匠心,4
在这个织女和牛郎带头约会的日子里，请各位抱以豁出去的勇气：感性点的就放电微笑，霸道点的直接熊抱，浪漫点的搂搂小肩，含蓄点的送束花草，活泼点的领着就跑，实惠点的就喝足吃饱，热情点的跳个舞蹈，胆小点的发条信息就好：七夕节到，愿你拥有甜蜜的爱，幸福的生活！,4
有一双手，牵住了就不想放手；有一个肩膀，找到了就不想离开；有一句誓言，说出了就不想改口；有一个人，遇见了就不想错过；有一句祝福，送出了就想你笑纳：七夕节将至，只愿你快乐幸福！,"4,5,11"
我羡慕太阳，他能看见你灿烂的笑容，我羡慕月亮，她能注视你安祥地入睡，我羡慕自己，至少能在七夕到来之际，发条信息告诉你：亲爱的，我想你。,4
喜迎七夕，我送七喜！一送生活喜，和谐美满添富裕；二送事业喜，升职加薪有魄力；三送爱情喜，浪漫温馨伴随你；四送人脉喜，朋友遍布满天地；五送心态喜，开心放松没压力；六送幸运喜，万事妥当合心意；七送健康喜，神清气爽好身体！,4
在错的时间遇上对的人，是一场伤心；在对的时间遇上错的人，是一声叹息；在对的时间遇上对的人，是一生幸福。我想我是幸福的，亲爱的，预祝七夕快乐！,4
雨来了，我在伞下等你；叶黄了，我在树下等你；风过了，我在云下等你；人老了，我在来生等你；七夕快到了，我在这里等你。鹊鸟正在梳理翎羽，白云晕了一脸俏红，我收获一年的祈愿，只为在今生与你相依。我说了，你听了，只愿执子之手，爱永不移！,4
每一年都有一次七夕节，每一次都有一个我，每一个我都有一份思念，每一份思念都有一个你，今年的七夕节，我的祝福早提前，亲爱的，七夕快乐！,4
七夕情人节快到了，送你三个情人：一个说要陪你终生，一个说要伴你左右，还有一个想常驻你心中！他们的名字分别叫“健康”“平安”“快乐”！,"4,11"
七夕喜鹊叫，好运身边绕：一喜事业畅；二喜钱满仓；三喜前途亮；四喜身体棒；五喜爱情长；六喜福满堂；七喜心情爽！七夕送七喜，七喜保吉祥！,"4,5"
跟你一见钟情的缘，对你一往情深的恋，爱你一心一意的愿，陪你一生一世的伴，在牛郎织女相会的这天，许下我不离不弃的誓言，与你共创如诗如歌的明天，七夕有你相伴，幸福就是这样简单。爱你到永远！,4
一辈子多久，天知道；人生路多长，地知道；比翼鸟飞多高，云知道；连理枝靠多紧，风知道；爱你有多深，我知道；祝福有多真，你知道。七夕快乐！,4
弯弯的月亮，弯弯的情，半遮半掩在心中；弯弯的小河，弯弯的梦，相思不断响叮咚；弯弯的心船，弯弯的行，满载爱意永不停；弯弯的表白，弯弯的送，愿把幸福送一生。祝七夕节快乐！,"0,4"
七夕如期而至，不早不晚；七夕就在当下，不远不近；七夕鹊桥相会，不离不弃；七夕就是爱你，不管时光，不问流年。亲爱的，七夕快乐。,4
爱你，没有距离的限制，哪怕天涯海角；爱你，没有时间的约束，只愿天长地久。采一缕月光，让浪漫芬芳你心房；搭一座鹊桥，让思念围绕你身旁；发一条短信，让祝福美丽你模样。七夕甜蜜，相爱长久；爱你不渝，直到永久！,4
什么都可能会淡出在这个特别的节日，唯有你的影像在我眼前清晰；什么都将成为轶事在这个特别的日子，唯有你的牵挂使我心情激荡；什么都或许是烟云在这个特别的时刻，唯有你的祝福令我怦然心动！七夕都到了，你怎么还不给我发短信呢？,"4,11"
若是爱，就算银河分离，也满是爱意；若是不爱，就算朝夕相见，也全是多余；若是你，就算疏于联系，也心心相印；若是他人，就算嘴上摸蜜，也碍于交际。时间就像炼炉，滤去岁月的痕迹，只留永远的珍惜，那就是你。七夕节到了，我的牵挂，你懂就可以！,4
七夕佳节到了，把浓情写在初秋的七夕，让风儿飘荡着思念的情意，让云儿传递着永恒的惦记，让月儿波动着牵挂的涟漪，让鹊儿传递着祝福的真挚。爱之心儿比金坚，祝福幸福每一天，七夕快乐甜蜜到永远。亲爱的朋友，七夕到了，要幸福哈。,4
七夕节，掬一捧银河水，让爱意流淌；走一回鹊桥路，让相思绵长；说一句甜蜜语，永把你珍藏。七夕，爱你地久天长！,4
七月初七是七夕，一年一度会佳期，银河流淌着甜蜜，鹊桥散发出喜气。短短的文字诉说着绵绵相思，亲爱的，情人节快乐！,4
恋你是我心里的秘密，爱你是我幸福的甜蜜，疼你是我活着的意义。我可以没有自己，但绝不能没有你！水晶之恋，爱你一生不变！七夕快乐！,"4,11"
在这深情的季节里，我好想送你一束盛开的玫瑰和数不尽的祝福！但愿这玫瑰的清香能淡淡地散发出对你的柔柔关怀和思念的气息，七夕情人节快乐！,"4,11"
一二三四五六七，没有谁比你更合我心意；七六五四三二一，只有你才是我的唯一。亲爱的，七夕至，请读懂我的情谊，让我们和幸福一起，欣赏甜蜜。,4
今天我算了算，对你的爱原来只有百来斤。因为称了称，我的体重也就百来斤。别嫌少，这已是我的全部身心。七夕将至，愿我的爱让你更快乐美丽。,4
在最美的夜里想你，在最深的呼吸中念你，在最惬意的时候感受你，在最失意的时候知道，这个世界有你就已经足够。情人节快乐！,4
情人节我只想对你说：我不爱你，是不可能的；我不疼你，是没道理的；我不想你，是比窦娥还冤的；我不给你发短信，是万万办不到的。七夕快乐！,4
一见钟情爱上你，二话不说抱住你，三天两头来找你，四下无人亲亲你，五天之内娶到你，六十年内不分离！情人节里祝福你！,"4,11"
亲爱的，“扫描”到你，我的爱情就“启动”了，特别是七夕快到的这几天，思念很快就“升级”了！脑子里的“带宽”都被你占满了！七夕快乐！,4
我的爱，是美酒，天长地久愈醇厚；我的情，是乘方，分分秒秒无极限。在这浪漫的七夕情人节里，我只献给我最亲爱的你。七夕情人节快乐。,4
牛郎一年守望在七夕，织女四季遐想在七夕，喜鹊飞翔欢乐在七夕，银河流淌深情在七夕，爱情美好榜样在七夕，祝福幸福感觉在七夕，愿你快乐七夕。,"4,5"
七夕情人节要到了，你能送我件礼物吗？请把右手放在脸上，代替我轻抚你的脸；把左手放在心上，让我听见你想我的心跳。祝情人节快乐！,4
想你：朝朝暮暮；想你：云起雾散；想你：花前月下；想你：眼底心头；想你：今生来世！情人节快乐！,"4,11"
本有一丝牵挂，不能二目传情，辗转三思而定，只愿四海升平，哪想五更难眠，却又六腑思念，终遇七夕佳节，祝福八方相传，坦露九鼎真言，欲成十全美眷！,4
七夕节快到了，你是要爱情，还是要面包？我愿做你的爱情三明治，用一颗爱你的心做馅，用浪漫填补寂寞，用甜蜜取代苦涩，用真心换你开心！,"4,11"
不求门当户对，但愿夫唱妇随。不求爱情完美，但愿比翼双飞。不求一生富贵，但愿夜夜相陪。你的梦幻妩媚，让我痴心无悔。岁岁七夕之会，年年与你相随。,"4,7"
七夕伴七喜：一喜痴情男女喜相逢，二喜鲜花美酒伴歌唱，三喜鹊桥来相会，四喜月老来帮忙，五喜今宵共团圆，六喜你我牵手来相伴，七喜天长地久爱意浓！,4
爱使青春燃烧，爱使生命灿烂，绽放美丽的笑脸，流露深情的双眼，浓浓的爱意在心间悄悄蔓延，七夕来临，给我梦的期盼，给我坚定信念，让我们签下幸福的订单！,4
心有灵犀的感觉令我期盼，一见如故的感觉令我相见恨晚，与你相逢是最美的画面，深深的牵挂埋藏在隐隐的怀念，用浪漫拨动爱的心弦，七夕来临，让我给你粘粘的甜！,4
七夕不偷懒，爱你是必然，吻吻你的脸，投掷感情弹，悄悄把手牵，释放浪漫烟，爱意来侵犯，霸占你心田，七夕来临日，倾听我誓言，爱你到永远！,4
情感深埋心里，思念遥寄梦中。相爱坚守一生，相知心有灵犀。想你是酸涩中的甜蜜，爱你细雨无声润心脾，与你牵手一生相偎依。七夕将到，愿幸福无期！,"4,11"
喜悦是因为你，悲伤也是因为你。无论黑夜白昼，思念里从未忘却的就是你。你掌管着我世界的美丽，这一生爱的唯你而已。七夕节快要到了，让我们的爱情永远甜蜜。,"4,11"
天上有牛郎织女，爱情感动鬼神，成为千年传说。地上有你我相依，爱情惊动天地，结为七世夫妻。七夕将至，愿我们如牛郎织女一般爱情永不朽！,4
我愿是轻柔的风，为你送来凉爽；我愿是皎洁的月，为你送来光芒；我愿是晨曦的霞，为你送来艳阳；我愿是张满的帆，为你送来希望。提前祝你七夕快乐！,"4,5"
一簇篝火，燃烧一段记忆；一片叶子，飘零一份心情；一只涩果，品味青春的甜蜜；一份情感，美丽一辈的人生；七夕节来临，告诉你这就是我对你伟大的爱情！,4
白天可以没有太阳，夜晚可以没有月光，严寒酷暑可以抵挡，艰难坎坷意志可抗，凄清寂寞令我心慌，唯恐你不在我身旁，七夕来临，爱我请你给我力量。,"4,11"
思念是一种美丽的孤独，思念是一种幸福的忧伤；思念是一种温馨的痛苦，思念是一种甜蜜的惆怅。七夕将至，我对你的思念愈演愈烈，只愿你能体会到。,"0,4"
我愿自己是银河之上绵绵的等待，我愿笑看着人世间的桑田沧海，化作点滴晶莹的泪珠，洒下给你生生世世的爱！七夕到了，愿我们的爱迎着幸福而来！,4
把相思的甜蜜织成幸福的网，把无边的爱意搭成快乐的桥，让绵绵的情谊带着祝福的味道，通知你七夕到了，祝爱情甜蜜，幸福拥抱，开心到老！,"4,7"
亲爱的织女：七夕情人节将至，愿我们高举中国特色痴情主义伟大旗帜，发扬鹊桥相会优良传统，保持二人世界爱情在线，携手开创爱情新局面。牛郎敬上。,"1,4"
一只憨厚的老牛，见证了爱情的神话。一条宽宽的银河，激荡着汹涌的爱恋。一座浪漫的鹊桥，寄托了无尽的相思。相约七夕，牛郎呼唤织女，老地方见！,4
你在河那头，我在河这头，思念埋于心头。你在桥那头，我在桥这头，喜悦涌上心头。爱连在这头，情连在那头，你在我的心里头。亲爱的，七夕我等你！,4
你的安全我来保护，你的冷暖我来关注，你的大意我来弥补，你的任性我来让步，你的欢乐我来满足，你的幸福我来构筑。七夕即将来临，愿你天天好心情！,"4,11"
天上，牛郎织女相会；人间；帅哥靓妹成对；天上人间，有情人终究相互追随；斗转星移，你也成为我最亲爱的宝贝。七夕将至，愿你开心时时，顺心事事！,4
百花丛中追逐游戏，是快乐的浪漫；月上柳梢海誓山盟，是甜蜜的浪漫；漫天雪花携手同行，是温馨的浪漫。七夕将至，我想告知：有你陪伴是我一生的浪漫！,4
天将降爱人于斯人也，必先动其心志，劳其筋骨，吊其胃口，油其嘴，滑其舌，甜其言，蜜其语，然后勾搭成功，双栖双飞。七夕将至，爱你是我的福气。,4
银河的光亮见证我们爱情的璀璨，繁星的弥漫点染我们幸福的期盼，划过的流星是我们曾经许下的诺言，架起的鹊桥是我们真情的实现，七夕快乐，爱你不变。,4
银河的一端住着牛郎，一端住着织女；鹊桥的一端是思念，一端是期盼；城市的这边住着我，那边住着你；短息的这边写着爱恋，那边读出温暖。七夕快乐。,4
七夕的话剧即将上演，鹊桥已经搭建，牛郎织女来相伴，只是你的身影不见？爱情的主题已经确定，思念早已发出，手机屏幕做舞台，葡萄架下话相思。,4
香醇的酒，一滴就醉；美艳的花，心情陶醉；七夕的故事，传诵千年；爱你的真心，天长地久。七夕情人节，将玫瑰雕成短信，相约葡萄架下共密语。,"4,5"
七月七，七夕节，我们想见却不能见面了，因为今天爱河泛滥，跨不过去了，喜鹊都去谈恋爱，架不了鹊桥了，不过没关系，我们可以发发短信，表表爱意了！,4
花朵有个希望，希望天空给它阳光；白云有个希望，希望风带它一起飞翔；蜜蜂有个希望，希望四季都有花香；我也有个希望，希望你平安健康！情人节日快乐！,4
如果我是风，我愿给你舒爽；如果我是雨，我愿送你清凉；如果我是雷，我愿赠你理想，如果我是电，我愿赐你希望。七夕来临即将，愿你快乐徜徉！,"4,5,11"
天上，牛郎织女相会；人间；帅哥靓妹成对；天上人间，有情人终究相互追随；斗转星移，你也成为我最亲爱的宝贝。七夕将至，愿你开心时时，顺心事事！,4
百花丛中追逐游戏，是快乐的浪漫；月上柳梢海誓山盟，是甜蜜的浪漫；漫天雪花携手同行，是温馨的浪漫。七夕将至，我想告知：有你陪伴是我一生的浪漫！,"4,11"
从银河到地球，我们路过人间；从青涩到成熟，我们路过爱情；从六一到重阳，我们路过七夕。一路走过，感谢有你，七夕佳节将至，愿你更加美丽快乐。,4
天将降爱人于斯人也，必先动其心志，劳其筋骨，吊其胃口，油其嘴，滑其舌，甜其言，蜜其语，然后勾搭成功，双栖双飞。七夕将至，爱你是我的福气。,4
银河的光亮见证我们爱情的璀璨，繁星的弥漫点染我们幸福的期盼，划过的流星是我们曾经许下的诺言，架起的鹊桥是我们真情的实现，七夕快乐，爱你不变。,"4,7"
银河的一端住着牛郎，一端住着织女；鹊桥的一端是思念，一端是期盼；城市的这边住着我，那边住着你；短息的这边写着爱恋，那边读出温暖。七夕快乐。,4
香醇的酒，一滴就醉；美艳的花，心情陶醉；七夕的故事，传诵千年；爱你的真心，天长地久。七夕情人节，将玫瑰雕成短信，相约葡萄架下共密语。,4
不求同年同月生，不求同年同月死，只求同年同月在一起；不恨君生早，不恨君生迟，只愿相守生生世世。在某年某月某日，我仍会想着你。亲，七夕快乐！,4
七夕之日即将来临，牛郎和织女将在鹊桥甜蜜相会。广寒宫中的嫦娥感到眼红和嫉妒，心中来气：过分了！那八戒不跟我见面也就算了，短信也不来一条！,"1,4,5"
亲爱的，我已办好缘份签证，领到爱情护照，将于浪漫七夕从鹊桥航空港出发，搭乘幸福航班，飞越茫茫银河，前往爱的国度。机票有两张哦，等你不见不散！,4
曾几何时，我们漫步秦时明月，爱意绵绵；也曾留连唐风宋韵，两手牵牵；为你巧笑嫣然，为你筝韵轻拨，为你今生无憾。七夕情人节，爱你只想千年！,4
眼看七夕就到了，送你什么好呢？玫瑰？没创意；巧克力？爱上火；干脆送你双筷子吧！筷子不错，“谁也离不开谁”！不信你用一根筷子吃个饭试试？,"1,4"
这是我心中最爱的戒指！我想把它摘下来戴到你的中指上，这样便可以和你在一起；我还要把它戴到你的无名指上，因为我想让全世界都知道你是属于我的！,"4,11"
﻿生活苦，倍加珍惜；伤痛苦，心中铭记；磨难苦，励志人心；感情苦，更显真心；苦，让我们学会生活，让我们看到真心：虽苦犹甜。七夕：我们一起追赶幸福,"4,11"
爱情其实很简单，只需四步就能实现：1、你；2、我；3、我们的心；4、在一起。亲爱的，让我们简简单单地爱，幸幸福福地相守。七夕情人节快乐！,"4,11"
传说，七夕情人节是牛郎织女一年一度鹊桥相会的日子，民间有情人会在这一天向月亮乞求真挚而浪漫的爱情。当你收到这条信息时，有人已经想你一百遍了。,"4,9"
今日七夕，我追了只喜鹊，奔上了天，跨过银河，去倾听牛郎织女的甜言蜜语，去寻找爱情的真谛，把真情牢记在心底，令真爱传遍在天地，让我悄悄告诉你，请捂好手机：爱你一生永不离，哪怕几生几世纪！祝快乐七夕！,4
牛郎织女今相聚，快乐约会没道理，约你牛棚你得去，即使蚊子绕着你，约你天边不能拒，即使刮风下大雨，不惧距离和天气，哪怕路遥会无期，就是七夕想约你，七夕节日耍赖皮！要来哟！预祝七夕你我快乐甜蜜！,"1,4"
周六七夕喜重逢，我想和你去约会：林间小道悠闲散步，放松身体自在悠闲；沏杯清茶享受甜蜜，温馨如意渐入心脾；斜看夕阳黄昏落幕，美景怡人难以忘怀；看看大海听听浪声，甩掉烦恼拥抱吉祥。如何？你的心意？,"4,9"
七夕情人节，送你七朵红玫瑰。第一朵，爱情甜蜜永相随；第二朵，生活幸福永相陪；第三朵，事业旺盛吐祥瑞；第四朵，友情长久永纯粹；第五朵，开心绽放不再睡；第六朵，快乐常驻永作陪；第七朵，我的祝福永追随。,"4,5,11"
爱情就像电视剧，不同的是它只有现场直播，没有预知，也没有重播。所以这场故事里的主角，永远都只有我和你。七夕节快要到了，愿我们一起用爱，谱写一段唯美的恋曲，缘定三生，永永远远不分离。,4
你是月饼我是馅，缠缠绵绵总见面；你是风筝我是线，缘定三生不改变；你是明月我是泉，恩恩爱爱情圆满；你海水我是山，相依相伴到永远。七夕节悄悄到眼前，许下的誓言，永不改变，愿我们的爱情永远比蜜甜。,4
昨夕今夕是何夕？日日夜夜盼七夕。七夕佳期胜除夕，缠缠绵绵在今夕，甜甜蜜蜜在瞬息，想念之情在旦夕，祝福之情在朝夕，愿你快乐心悠夕，爱情甜蜜胜昨夕，七夕快乐不止息！祝七夕幸福无比，快乐你定义！,4
风细细，月袅袅，又逢七夕云弄巧；星灿灿，浪滔滔，又见鹊桥相会好；语深深，水渺渺，又念佳人相思绕；情真真，意迢迢，又寄素心愿你晓。,"4,7"
今夕何夕，又逢七夕。星空下，缘分心心相“夕”；岁月中，真情只争朝夕；思念里，你最值得珍“夕”。爱你的心虽然无声无“夕”，对你的爱却从不停“夕”。愿牵着你的手，走到白头，走到天长地久。,"4,7"
牛郎织女鹊桥凄美爱情神话；情人节爱妻日老人节白头偕老；昨天今天明天海枯石栏；我你真爱完美爱情寓言。七夕情人节快乐！,4
亲爱的，有一枚编号为77的精确制导情感炸弹正向你处飞来！别紧张，那是我的飞吻哈！七夕牛郎会织女，我们之间还隔着一条宽宽的银河，真的好想你！,"0,1,4"
牛郎打心底是喜欢织女的，不然也不会生两个娃；织女打心底是喜欢牛郎的，不然早就改了嫁；我打心底是惦着你的，不然短信不会发，七夕祝你幸福乐开花！,4
我的心愿放在你手里，握住深情甜如蜜；我的情愿装进你心里，心中有爱永不渝；我的爱愿望入你眼里，满眸柔情有深意。七夕情人节，我愿给你幸福与甜蜜！,4
天上神仙不羡仙，只慕鸳鸯在人间。你我情投还意合，双双喜庆把家安。和睦相处守恩爱，执子之手天长久。浪漫七夕将来到，一条短信表真心。,"4,7"
七夕情人节，将真心告诉王母，王母命我们相守一生；将爱恋告诉牛郎织女，他们祝我们天长地久；将故事告诉丘比特，丘比特传递：爱你不是承诺，是誓言。,4
真诚之间，你我相识相知；灵犀之间，你我朝夕相伴；珍惜之间，你我懂得真爱；生活之间，你我学会分享；让我们携手七夕情人节，畅想未来幸福生活。,"4,7"
七夕鹊桥架银河，牛郎织女来相会。短信频发只为你，爱你之心愿会意。两情知在久长时，也要相守朝朝暮。今夜窗外月甚明，表白爱你到长久。,"4,7"
银河之上，两情相悦，一生等待，几世缘分，架鹊成桥，彼此执手，晶莹泪珠，洒下凡尘，美好祝愿，倾情奉献，七夕快乐，幸福甜蜜，一条短信，融情万分。,"4,7"
年年七夕，今又七夕，短信频频传送你。鹊仙搭桥成美事，跨越银河现壮举。牛郎织女，映射你我，爱你心毋庸置疑。默默心许祝福你，幸福快乐存心底。,"4,7"
娇嫩小手，在生活磨砺中更诱人；青春脸庞，在岁月滋润中更美丽；快乐心情，在婚姻殿堂里更充实。七夕将至，不管你如何改变，爱你的心永不变。,"4,11"
十口心思，思山思水思念你；寸身言谢，谢天谢地谢爱妻；八目共赏，赏花赏月赏真情。七夕将至，骑奇马，张长弓，祝福如箭，愿你美丽不减快乐不变。,"4,11"
有缘遇到你，生活甜如蜜。今生娶了你，恩爱不相疑。身后你撑起，成天忙家里。处处有收拾，事事有条理。七夕将至，愿你多保重身体，开心又美丽。,"4,11"
相恋的道路也许不平坦，牵手的岁月也许有点短，即使时光倒流，我依然感谢与你相逢的那一刻，爱你的心不改变。七夕将至，愿你美丽好心情，快乐每一天。,"4,11"
对你，爱可爱，非常爱；看你，美可美，非常美。庆幸那个月黑风高的日子，遇到光芒四射的你，为我指引方向。七夕将至，愿我心中的明灯永远美丽动人。,"4,11"
跟你有一生说不完的话，对你有一生做不完的事，想你是一生放不开的牵挂。七夕将至，只想你知道，今生牵了你的手，来世还要一起走，让幸福永远无尽头。,4
亲爱的老婆，你用你的青春美丽，让我和我们的家充满幸福甜蜜。七夕就要到了，只想道一声，你辛苦了，累了就歇歇，烦了就笑笑，倦了就在我肩膀靠靠。,"4,11"
最绚丽的烟火，不过一刹那；最甜蜜的味道，不过一小块；最炽热的誓言，不过一两句。平淡才是长久，真情值得拥有。七夕将至，最真的情意送给你。,"4,11"
七一得七，甜蜜相依；七二十四，浪漫一世；七三二十一，为你我愿意；七四二十八，愿你乐开花；七五三十五，想你很辛苦；七六四十二，牵手做个伴儿；七七到今夕，天长地久不放弃，爱你的心永不渝。七夕佳节将至，飞星传情爱不绝，纤云弄巧思念切。,"4,7"
依然记得初见你时的模样，青涩而美丽，像一朵摇曳的水莲花；依然记得与你的花前月下，浪漫而快乐，像繁星璀璨的银河。七夕将至，只想你知道，爱你。,"4,11"
那一年，你青春如花，我年少轻狂；那一年，你纯洁美丽，我有情有义；那一年，阳光浪漫，花开灿烂。七夕将至，不管过去还是现在，对你的爱永不改变。,"4,11"
如果时光倒流，仍愿在那一刻遇到你、认识你、追求你。你就是我用一生寻找的那个人，愿用一生呵护的那个人。七夕将至，誓与你牵手一生一世。,"4,11"
